Workbook

Sheet KD Mappings
A1: KD ID | B1: KD | C1: KAs (mapping) | D1: Human winner agrees with AI | E1: All human differ (4) | F1: All 4 differ | G1: Sara KAs | H1: Sara Reasonings | I1: Valtteri KAs | J1: Valtteri Reasonings | K1: Paul Kas | L1: Paul Reasonings | O1: Same S&V | P1: Intersected S&V | Q1: Same AI & V | R1: Intersected AI & V | S1: Same AI&S | T1: Intersected AI & S | U1: Same P & S | V1: Intersected P&S | W1: Same P & AI | X1: Intersecter P&AI | Y1: Same P&V | Z1: Intersected P&V | AA1: # of same AI&S | AB1: # of intersected AI & S
A2: K0640 | B2: Knowledge of the organizational cybersecurity workforce | C2: 7 | D2: 1 | G2: ='Sara Mappings'!C2 -> 7 | H2: =IF('Sara Mappings'!D2=0,"",'Sara Mappings'!D2) | I2: ='Valtteri Mappings'!C2 -> 7 | J2: =IF('Valtteri Mappings'!D2=0,"",'Valtteri Mappings'!D2) | K2: ='Paul Mappings'!C2 -> 7.6 | L2: =IF('Paul Mappings'!D2=0,"",'Paul Mappings'!D2) -> 7 clear but social engineering, awareness and understanding also | O2: =IF(SUBSTITUTE(G2," ","") = SUBSTITUTE(I2," ",""), 1, 0) -> 1 | P2: {=SUMPRODUCT(--(ISNUMBER(SEARCH({"0";"1";"2";"3";"4";"5";"6";"7";"8"},SUBSTITUTE(G2," ",""))) * ISNUMBER(SEARCH({"0";"1";"2";"3";"4";"5";"6";"7";"8"},SUBSTITUTE(I2," ","")))))} -> 1 | Q2: =IF(SUBSTITUTE(C2," ","") = SUBSTITUTE(I2," ",""), 1, 0) -> 1 | R2: {=SUMPRODUCT(--(ISNUMBER(SEARCH({"0";"1";"2";"3";"4";"5";"6";"7";"8"},SUBSTITUTE(C2," ",""))) * ISNUMBER(SEARCH({"0";"1";"2";"3";"4";"5";"6";"7";"8"},SUBSTITUTE(I2," ","")))))} -> 1 | S2: =IF(SUBSTITUTE(C2," ","") = SUBSTITUTE(G2," ",""), 1, 0) -> 1 | T2: {=SUMPRODUCT(--(ISNUMBER(SEARCH({"0";"1";"2";"3";"4";"5";"6";"7";"8"},SUBSTITUTE(C2," ",""))) * ISNUMBER(SEARCH({"0";"1";"2";"3";"4";"5";"6";"7";"8"},SUBSTITUTE(G2," ","")))))} -> 1 | U2: =IF(SUBSTITUTE(K2," ","") = SUBSTITUTE(G2," ",""), 1, 0) -> 0 | V2: {=SUMPRODUCT(--(ISNUMBER(SEARCH({"0";"1";"2";"3";"4";"5";"6";"7";"8"},SUBSTITUTE(K2," ",""))) * ISNUMBER(SEARCH({"0";"1";"2";"3";"4";"5";"6";"7";"8"},SUBSTITUTE(G2," ","")))))} -> 1 | W2: =IF(SUBSTITUTE(K2," ","") = SUBSTITUTE(C2," ",""), 1, 0) -> 0 | X2: {=SUMPRODUCT(--(ISNUMBER(SEARCH({"0";"1";"2";"3";"4";"5";"6";"7";"8"},SUBSTITUTE(K2," ",""))) * ISNUMBER(SEARCH({"0";"1";"2";"3";"4";"5";"6";"7";"8"},SUBSTITUTE(C2," ","")))))} -> 1 | Y2: =IF(SUBSTITUTE(K2," ","") = SUBSTITUTE(I2," ",""), 1, 0) -> 0 | Z2: {=SUMPRODUCT(--(ISNUMBER(SEARCH({"0";"1";"2";"3";"4";"5";"6";"7";"8"},SUBSTITUTE(K2," ",""))) * ISNUMBER(SEARCH({"0";"1";"2";"3";"4";"5";"6";"7";"8"},SUBSTITUTE(I2," ","")))))} -> 1 | AA2: =SUM(S2:S52) -> 17 | AB2: =SUM(T2:T52) -> 31
A3: K0643 | B3: Knowledge of virtual learning environments | C3: 0 | D3: 1 | G3: ='Sara Mappings'!C3 -> 0 | H3: =IF('Sara Mappings'!D3=0,"",'Sara Mappings'!D3) -> pedagogy | I3: ='Valtteri Mappings'!C3 -> 6 | J3: =IF('Valtteri Mappings'!D3=0,"",'Valtteri Mappings'!D3) | K3: ='Paul Mappings'!C3 -> 0 | L3: =IF('Paul Mappings'!D3=0,"",'Paul Mappings'!D3) | O3: =IF(SUBSTITUTE(G3," ","") = SUBSTITUTE(I3," ",""), 1, 0) -> 0 | P3: {=SUMPRODUCT(--(ISNUMBER(SEARCH({"0";"1";"2";"3";"4";"5";"6";"7";"8"},SUBSTITUTE(G3," ",""))) * ISNUMBER(SEARCH({"0";"1";"2";"3";"4";"5";"6";"7";"8"},SUBSTITUTE(I3," ","")))))} -> 0 | Q3: =IF(SUBSTITUTE(C3," ","") = SUBSTITUTE(I3," ",""), 1, 0) -> 0 | R3: {=SUMPRODUCT(--(ISNUMBER(SEARCH({"0";"1";"2";"3";"4";"5";"6";"7";"8"},SUBSTITUTE(C3," ",""))) * ISNUMBER(SEARCH({"0";"1";"2";"3";"4";"5";"6";"7";"8"},SUBSTITUTE(I3," ","")))))} -> 0 | S3: =IF(SUBSTITUTE(C3," ","") = SUBSTITUTE(G3," ",""), 1, 0) -> 1 | T3: {=SUMPRODUCT(--(ISNUMBER(SEARCH({"0";"1";"2";"3";"4";"5";"6";"7";"8"},SUBSTITUTE(C3," ",""))) * ISNUMBER(SEARCH({"0";"1";"2";"3";"4";"5";"6";"7";"8"},SUBSTITUTE(G3," ","")))))} -> 1 | U3: =IF(SUBSTITUTE(K3," ","") = SUBSTITUTE(G3," ",""), 1, 0) -> 1 | V3: {=SUMPRODUCT(--(ISNUMBER(SEARCH({"0";"1";"2";"3";"4";"5";"6";"7";"8"},SUBSTITUTE(K3," ",""))) * ISNUMBER(SEARCH({"0";"1";"2";"3";"4";"5";"6";"7";"8"},SUBSTITUTE(G3," ","")))))} -> 1 | W3: =IF(SUBSTITUTE(K3," ","") = SUBSTITUTE(C3," ",""), 1, 0) -> 1 | X3: {=SUMPRODUCT(--(ISNUMBER(SEARCH({"0";"1";"2";"3";"4";"5";"6";"7";"8"},SUBSTITUTE(K3," ",""))) * ISNUMBER(SEARCH({"0";"1";"2";"3";"4";"5";"6";"7";"8"},SUBSTITUTE(C3," ","")))))} -> 1 | Y3: =IF(SUBSTITUTE(K3," ","") = SUBSTITUTE(I3," ",""), 1, 0) -> 0 | Z3: {=SUMPRODUCT(--(ISNUMBER(SEARCH({"0";"1";"2";"3";"4";"5";"6";"7";"8"},SUBSTITUTE(K3," ",""))) * ISNUMBER(SEARCH({"0";"1";"2";"3";"4";"5";"6";"7";"8"},SUBSTITUTE(I3," ","")))))} -> 0 | AA3: =AA2/50 -> 0.34 | AB3: =AB2/50 -> 0.62
A4: K0645 | B4: Knowledge of standard operating procedures (SOPs) | C4: 7 | D4: 1 | G4: ='Sara Mappings'!C4 -> 7 | H4: =IF('Sara Mappings'!D4=0,"",'Sara Mappings'!D4) -> A standard operating procedure is a set of step-by-step instructions compiled by an organization to help workers carry out routine operations. (This KD is not directly relating to the cybersecurity, so it can also be 0) | I4: ='Valtteri Mappings'!C4 -> 7 | J4: =IF('Valtteri Mappings'!D4=0,"",'Valtteri Mappings'!D4) | K4: ='Paul Mappings'!C4 -> 7.5 | L4: =IF('Paul Mappings'!D4=0,"",'Paul Mappings'!D4) -> Clear standardization (of procedures here) topic missing in the KAs | O4: =IF(SUBSTITUTE(G4," ","") = SUBSTITUTE(I4," ",""), 1, 0) -> 1 | P4: {=SUMPRODUCT(--(ISNUMBER(SEARCH({"0";"1";"2";"3";"4";"5";"6";"7";"8"},SUBSTITUTE(G4," ",""))) * ISNUMBER(SEARCH({"0";"1";"2";"3";"4";"5";"6";"7";"8"},SUBSTITUTE(I4," ","")))))} -> 1 | Q4: =IF(SUBSTITUTE(C4," ","") = SUBSTITUTE(I4," ",""), 1, 0) -> 1 | R4: {=SUMPRODUCT(--(ISNUMBER(SEARCH({"0";"1";"2";"3";"4";"5";"6";"7";"8"},SUBSTITUTE(C4," ",""))) * ISNUMBER(SEARCH({"0";"1";"2";"3";"4";"5";"6";"7";"8"},SUBSTITUTE(I4," ","")))))} -> 1 | S4: =IF(SUBSTITUTE(C4," ","") = SUBSTITUTE(G4," ",""), 1, 0) -> 1 | T4: {=SUMPRODUCT(--(ISNUMBER(SEARCH({"0";"1";"2";"3";"4";"5";"6";"7";"8"},SUBSTITUTE(C4," ",""))) * ISNUMBER(SEARCH({"0";"1";"2";"3";"4";"5";"6";"7";"8"},SUBSTITUTE(G4," ","")))))} -> 1 | U4: =IF(SUBSTITUTE(K4," ","") = SUBSTITUTE(G4," ",""), 1, 0) -> 0 | V4: {=SUMPRODUCT(--(ISNUMBER(SEARCH({"0";"1";"2";"3";"4";"5";"6";"7";"8"},SUBSTITUTE(K4," ",""))) * ISNUMBER(SEARCH({"0";"1";"2";"3";"4";"5";"6";"7";"8"},SUBSTITUTE(G4," ","")))))} -> 1 | W4: =IF(SUBSTITUTE(K4," ","") = SUBSTITUTE(C4," ",""), 1, 0) -> 0 | X4: {=SUMPRODUCT(--(ISNUMBER(SEARCH({"0";"1";"2";"3";"4";"5";"6";"7";"8"},SUBSTITUTE(K4," ",""))) * ISNUMBER(SEARCH({"0";"1";"2";"3";"4";"5";"6";"7";"8"},SUBSTITUTE(C4," ","")))))} -> 1 | Y4: =IF(SUBSTITUTE(K4," ","") = SUBSTITUTE(I4," ",""), 1, 0) -> 0 | Z4: {=SUMPRODUCT(--(ISNUMBER(SEARCH({"0";"1";"2";"3";"4";"5";"6";"7";"8"},SUBSTITUTE(K4," ",""))) * ISNUMBER(SEARCH({"0";"1";"2";"3";"4";"5";"6";"7";"8"},SUBSTITUTE(I4," ","")))))} -> 1 | AA4: # of same AI&V | AB4: # of intersected AI & V
A5: K0662 | B5: Knowledge of systems security engineering | C5: 5 | D5: 1 | G5: ='Sara Mappings'!C5 -> 4 | H5: =IF('Sara Mappings'!D5=0,"",'Sara Mappings'!D5) -> Systems fall under KA-4 | I5: ='Valtteri Mappings'!C5 -> 5 | J5: =IF('Valtteri Mappings'!D5=0,"",'Valtteri Mappings'!D5) | K5: ='Paul Mappings'!C5 -> 5 | L5: =IF('Paul Mappings'!D5=0,"",'Paul Mappings'!D5) | O5: =IF(SUBSTITUTE(G5," ","") = SUBSTITUTE(I5," ",""), 1, 0) -> 0 | P5: {=SUMPRODUCT(--(ISNUMBER(SEARCH({"0";"1";"2";"3";"4";"5";"6";"7";"8"},SUBSTITUTE(G5," ",""))) * ISNUMBER(SEARCH({"0";"1";"2";"3";"4";"5";"6";"7";"8"},SUBSTITUTE(I5," ","")))))} -> 0 | Q5: =IF(SUBSTITUTE(C5," ","") = SUBSTITUTE(I5," ",""), 1, 0) -> 1 | R5: {=SUMPRODUCT(--(ISNUMBER(SEARCH({"0";"1";"2";"3";"4";"5";"6";"7";"8"},SUBSTITUTE(C5," ",""))) * ISNUMBER(SEARCH({"0";"1";"2";"3";"4";"5";"6";"7";"8"},SUBSTITUTE(I5," ","")))))} -> 1 | S5: =IF(SUBSTITUTE(C5," ","") = SUBSTITUTE(G5," ",""), 1, 0) -> 0 | T5: {=SUMPRODUCT(--(ISNUMBER(SEARCH({"0";"1";"2";"3";"4";"5";"6";"7";"8"},SUBSTITUTE(C5," ",""))) * ISNUMBER(SEARCH({"0";"1";"2";"3";"4";"5";"6";"7";"8"},SUBSTITUTE(G5," ","")))))} -> 0 | U5: =IF(SUBSTITUTE(K5," ","") = SUBSTITUTE(G5," ",""), 1, 0) -> 0 | V5: {=SUMPRODUCT(--(ISNUMBER(SEARCH({"0";"1";"2";"3";"4";"5";"6";"7";"8"},SUBSTITUTE(K5," ",""))) * ISNUMBER(SEARCH({"0";"1";"2";"3";"4";"5";"6";"7";"8"},SUBSTITUTE(G5," ","")))))} -> 0 | W5: =IF(SUBSTITUTE(K5," ","") = SUBSTITUTE(C5," ",""), 1, 0) -> 1 | X5: {=SUMPRODUCT(--(ISNUMBER(SEARCH({"0";"1";"2";"3";"4";"5";"6";"7";"8"},SUBSTITUTE(K5," ",""))) * ISNUMBER(SEARCH({"0";"1";"2";"3";"4";"5";"6";"7";"8"},SUBSTITUTE(C5," ","")))))} -> 1 | Y5: =IF(SUBSTITUTE(K5," ","") = SUBSTITUTE(I5," ",""), 1, 0) -> 1 | Z5: {=SUMPRODUCT(--(ISNUMBER(SEARCH({"0";"1";"2";"3";"4";"5";"6";"7";"8"},SUBSTITUTE(K5," ",""))) * ISNUMBER(SEARCH({"0";"1";"2";"3";"4";"5";"6";"7";"8"},SUBSTITUTE(I5," ","")))))} -> 1 | AA5: =SUM(Q2:Q51) -> 21 | AB5: =SUM(R2:R51) -> 39
A6: K0706 | B6: Knowledge of database schema capabilities and applications | C6: 0 | D6: 1 | G6: ='Sara Mappings'!C6 -> 0 | H6: =IF('Sara Mappings'!D6=0,"",'Sara Mappings'!D6) | I6: ='Valtteri Mappings'!C6 -> 0 | J6: =IF('Valtteri Mappings'!D6=0,"",'Valtteri Mappings'!D6) | K6: ='Paul Mappings'!C6 -> 1.2 | L6: =IF('Paul Mappings'!D6=0,"",'Paul Mappings'!D6) -> implementation issues for 2 | O6: =IF(SUBSTITUTE(G6," ","") = SUBSTITUTE(I6," ",""), 1, 0) -> 1 | P6: {=SUMPRODUCT(--(ISNUMBER(SEARCH({"0";"1";"2";"3";"4";"5";"6";"7";"8"},SUBSTITUTE(G6," ",""))) * ISNUMBER(SEARCH({"0";"1";"2";"3";"4";"5";"6";"7";"8"},SUBSTITUTE(I6," ","")))))} -> 1 | Q6: =IF(SUBSTITUTE(C6," ","") = SUBSTITUTE(I6," ",""), 1, 0) -> 1 | R6: {=SUMPRODUCT(--(ISNUMBER(SEARCH({"0";"1";"2";"3";"4";"5";"6";"7";"8"},SUBSTITUTE(C6," ",""))) * ISNUMBER(SEARCH({"0";"1";"2";"3";"4";"5";"6";"7";"8"},SUBSTITUTE(I6," ","")))))} -> 1 | S6: =IF(SUBSTITUTE(C6," ","") = SUBSTITUTE(G6," ",""), 1, 0) -> 1 | T6: {=SUMPRODUCT(--(ISNUMBER(SEARCH({"0";"1";"2";"3";"4";"5";"6";"7";"8"},SUBSTITUTE(C6," ",""))) * ISNUMBER(SEARCH({"0";"1";"2";"3";"4";"5";"6";"7";"8"},SUBSTITUTE(G6," ","")))))} -> 1 | U6: =IF(SUBSTITUTE(K6," ","") = SUBSTITUTE(G6," ",""), 1, 0) -> 0 | V6: {=SUMPRODUCT(--(ISNUMBER(SEARCH({"0";"1";"2";"3";"4";"5";"6";"7";"8"},SUBSTITUTE(K6," ",""))) * ISNUMBER(SEARCH({"0";"1";"2";"3";"4";"5";"6";"7";"8"},SUBSTITUTE(G6," ","")))))} -> 0 | W6: =IF(SUBSTITUTE(K6," ","") = SUBSTITUTE(C6," ",""), 1, 0) -> 0 | X6: {=SUMPRODUCT(--(ISNUMBER(SEARCH({"0";"1";"2";"3";"4";"5";"6";"7";"8"},SUBSTITUTE(K6," ",""))) * ISNUMBER(SEARCH({"0";"1";"2";"3";"4";"5";"6";"7";"8"},SUBSTITUTE(C6," ","")))))} -> 0 | Y6: =IF(SUBSTITUTE(K6," ","") = SUBSTITUTE(I6," ",""), 1, 0) -> 0 | Z6: {=SUMPRODUCT(--(ISNUMBER(SEARCH({"0";"1";"2";"3";"4";"5";"6";"7";"8"},SUBSTITUTE(K6," ",""))) * ISNUMBER(SEARCH({"0";"1";"2";"3";"4";"5";"6";"7";"8"},SUBSTITUTE(I6," ","")))))} -> 0 | AA6: =AA5/50 -> 0.42 | AB6: =AB5/50 -> 0.78
A7: K0710 | B7: Knowledge of enterprise cybersecurity architecture principles and practices | C7: 5, 7 | D7: 1 | G7: ='Sara Mappings'!C7 -> 7 | H7: =IF('Sara Mappings'!D7=0,"",'Sara Mappings'!D7) | I7: ='Valtteri Mappings'!C7 -> 5, 7 | J7: =IF('Valtteri Mappings'!D7=0,"",'Valtteri Mappings'!D7) | K7: ='Paul Mappings'!C7 -> 7 | L7: =IF('Paul Mappings'!D7=0,"",'Paul Mappings'!D7) -> Could be 4 also, depending on the architecture level | O7: =IF(SUBSTITUTE(G7," ","") = SUBSTITUTE(I7," ",""), 1, 0) -> 0 | P7: {=SUMPRODUCT(--(ISNUMBER(SEARCH({"0";"1";"2";"3";"4";"5";"6";"7";"8"},SUBSTITUTE(G7," ",""))) * ISNUMBER(SEARCH({"0";"1";"2";"3";"4";"5";"6";"7";"8"},SUBSTITUTE(I7," ","")))))} -> 1 | Q7: =IF(SUBSTITUTE(C7," ","") = SUBSTITUTE(I7," ",""), 1, 0) -> 1 | R7: {=SUMPRODUCT(--(ISNUMBER(SEARCH({"0";"1";"2";"3";"4";"5";"6";"7";"8"},SUBSTITUTE(C7," ",""))) * ISNUMBER(SEARCH({"0";"1";"2";"3";"4";"5";"6";"7";"8"},SUBSTITUTE(I7," ","")))))} -> 2 | S7: =IF(SUBSTITUTE(C7," ","") = SUBSTITUTE(G7," ",""), 1, 0) -> 0 | T7: {=SUMPRODUCT(--(ISNUMBER(SEARCH({"0";"1";"2";"3";"4";"5";"6";"7";"8"},SUBSTITUTE(C7," ",""))) * ISNUMBER(SEARCH({"0";"1";"2";"3";"4";"5";"6";"7";"8"},SUBSTITUTE(G7," ","")))))} -> 1 | U7: =IF(SUBSTITUTE(K7," ","") = SUBSTITUTE(G7," ",""), 1, 0) -> 1 | V7: {=SUMPRODUCT(--(ISNUMBER(SEARCH({"0";"1";"2";"3";"4";"5";"6";"7";"8"},SUBSTITUTE(K7," ",""))) * ISNUMBER(SEARCH({"0";"1";"2";"3";"4";"5";"6";"7";"8"},SUBSTITUTE(G7," ","")))))} -> 1 | W7: =IF(SUBSTITUTE(K7," ","") = SUBSTITUTE(C7," ",""), 1, 0) -> 0 | X7: {=SUMPRODUCT(--(ISNUMBER(SEARCH({"0";"1";"2";"3";"4";"5";"6";"7";"8"},SUBSTITUTE(K7," ",""))) * ISNUMBER(SEARCH({"0";"1";"2";"3";"4";"5";"6";"7";"8"},SUBSTITUTE(C7," ","")))))} -> 1 | Y7: =IF(SUBSTITUTE(K7," ","") = SUBSTITUTE(I7," ",""), 1, 0) -> 0 | Z7: {=SUMPRODUCT(--(ISNUMBER(SEARCH({"0";"1";"2";"3";"4";"5";"6";"7";"8"},SUBSTITUTE(K7," ",""))) * ISNUMBER(SEARCH({"0";"1";"2";"3";"4";"5";"6";"7";"8"},SUBSTITUTE(I7," ","")))))} -> 1 | AA7: # of same S&V | AB7: # of intersected S & V
A8: K0713 | B8: Knowledge of Wide Area Networks (WAN) | C8: 0 | D8: 0 | G8: ='Sara Mappings'!C8 -> 4 | H8: =IF('Sara Mappings'!D8=0,"",'Sara Mappings'!D8) | I8: ='Valtteri Mappings'!C8 -> 4 | J8: =IF('Valtteri Mappings'!D8=0,"",'Valtteri Mappings'!D8) | K8: ='Paul Mappings'!C8 -> 4,0,1 | L8: =IF('Paul Mappings'!D8=0,"",'Paul Mappings'!D8) -> 1 is a low level interpretation (data flow) | O8: =IF(SUBSTITUTE(G8," ","") = SUBSTITUTE(I8," ",""), 1, 0) -> 1 | P8: {=SUMPRODUCT(--(ISNUMBER(SEARCH({"0";"1";"2";"3";"4";"5";"6";"7";"8"},SUBSTITUTE(G8," ",""))) * ISNUMBER(SEARCH({"0";"1";"2";"3";"4";"5";"6";"7";"8"},SUBSTITUTE(I8," ","")))))} -> 1 | Q8: =IF(SUBSTITUTE(C8," ","") = SUBSTITUTE(I8," ",""), 1, 0) -> 0 | R8: {=SUMPRODUCT(--(ISNUMBER(SEARCH({"0";"1";"2";"3";"4";"5";"6";"7";"8"},SUBSTITUTE(C8," ",""))) * ISNUMBER(SEARCH({"0";"1";"2";"3";"4";"5";"6";"7";"8"},SUBSTITUTE(I8," ","")))))} -> 0 | S8: =IF(SUBSTITUTE(C8," ","") = SUBSTITUTE(G8," ",""), 1, 0) -> 0 | T8: {=SUMPRODUCT(--(ISNUMBER(SEARCH({"0";"1";"2";"3";"4";"5";"6";"7";"8"},SUBSTITUTE(C8," ",""))) * ISNUMBER(SEARCH({"0";"1";"2";"3";"4";"5";"6";"7";"8"},SUBSTITUTE(G8," ","")))))} -> 0 | U8: =IF(SUBSTITUTE(K8," ","") = SUBSTITUTE(G8," ",""), 1, 0) -> 0 | V8: {=SUMPRODUCT(--(ISNUMBER(SEARCH({"0";"1";"2";"3";"4";"5";"6";"7";"8"},SUBSTITUTE(K8," ",""))) * ISNUMBER(SEARCH({"0";"1";"2";"3";"4";"5";"6";"7";"8"},SUBSTITUTE(G8," ","")))))} -> 1 | W8: =IF(SUBSTITUTE(K8," ","") = SUBSTITUTE(C8," ",""), 1, 0) -> 0 | X8: {=SUMPRODUCT(--(ISNUMBER(SEARCH({"0";"1";"2";"3";"4";"5";"6";"7";"8"},SUBSTITUTE(K8," ",""))) * ISNUMBER(SEARCH({"0";"1";"2";"3";"4";"5";"6";"7";"8"},SUBSTITUTE(C8," ","")))))} -> 1 | Y8: =IF(SUBSTITUTE(K8," ","") = SUBSTITUTE(I8," ",""), 1, 0) -> 0 | Z8: {=SUMPRODUCT(--(ISNUMBER(SEARCH({"0";"1";"2";"3";"4";"5";"6";"7";"8"},SUBSTITUTE(K8," ",""))) * ISNUMBER(SEARCH({"0";"1";"2";"3";"4";"5";"6";"7";"8"},SUBSTITUTE(I8," ","")))))} -> 1 | AA8: =SUM(O2:O51) -> 25 | AB8: =SUM(P2:P51) -> 26
A9: K0719 | B9: Knowledge of human-computer interaction (HCI) principles and practices | C9: 0, 6 | D9: 1 | G9: ='Sara Mappings'!C9 -> 0 | H9: =IF('Sara Mappings'!D9=0,"",'Sara Mappings'!D9) -> Falls under software development (Computer Science) | I9: ='Valtteri Mappings'!C9 -> 0 | J9: =IF('Valtteri Mappings'!D9=0,"",'Valtteri Mappings'!D9) | K9: ='Paul Mappings'!C9 -> 6 | L9: =IF('Paul Mappings'!D9=0,"",'Paul Mappings'!D9) | O9: =IF(SUBSTITUTE(G9," ","") = SUBSTITUTE(I9," ",""), 1, 0) -> 1 | P9: {=SUMPRODUCT(--(ISNUMBER(SEARCH({"0";"1";"2";"3";"4";"5";"6";"7";"8"},SUBSTITUTE(G9," ",""))) * ISNUMBER(SEARCH({"0";"1";"2";"3";"4";"5";"6";"7";"8"},SUBSTITUTE(I9," ","")))))} -> 1 | Q9: =IF(SUBSTITUTE(C9," ","") = SUBSTITUTE(I9," ",""), 1, 0) -> 0 | R9: {=SUMPRODUCT(--(ISNUMBER(SEARCH({"0";"1";"2";"3";"4";"5";"6";"7";"8"},SUBSTITUTE(C9," ",""))) * ISNUMBER(SEARCH({"0";"1";"2";"3";"4";"5";"6";"7";"8"},SUBSTITUTE(I9," ","")))))} -> 1 | S9: =IF(SUBSTITUTE(C9," ","") = SUBSTITUTE(G9," ",""), 1, 0) -> 0 | T9: {=SUMPRODUCT(--(ISNUMBER(SEARCH({"0";"1";"2";"3";"4";"5";"6";"7";"8"},SUBSTITUTE(C9," ",""))) * ISNUMBER(SEARCH({"0";"1";"2";"3";"4";"5";"6";"7";"8"},SUBSTITUTE(G9," ","")))))} -> 1 | U9: =IF(SUBSTITUTE(K9," ","") = SUBSTITUTE(G9," ",""), 1, 0) -> 0 | V9: {=SUMPRODUCT(--(ISNUMBER(SEARCH({"0";"1";"2";"3";"4";"5";"6";"7";"8"},SUBSTITUTE(K9," ",""))) * ISNUMBER(SEARCH({"0";"1";"2";"3";"4";"5";"6";"7";"8"},SUBSTITUTE(G9," ","")))))} -> 0 | W9: =IF(SUBSTITUTE(K9," ","") = SUBSTITUTE(C9," ",""), 1, 0) -> 0 | X9: {=SUMPRODUCT(--(ISNUMBER(SEARCH({"0";"1";"2";"3";"4";"5";"6";"7";"8"},SUBSTITUTE(K9," ",""))) * ISNUMBER(SEARCH({"0";"1";"2";"3";"4";"5";"6";"7";"8"},SUBSTITUTE(C9," ","")))))} -> 1 | Y9: =IF(SUBSTITUTE(K9," ","") = SUBSTITUTE(I9," ",""), 1, 0) -> 0 | Z9: {=SUMPRODUCT(--(ISNUMBER(SEARCH({"0";"1";"2";"3";"4";"5";"6";"7";"8"},SUBSTITUTE(K9," ",""))) * ISNUMBER(SEARCH({"0";"1";"2";"3";"4";"5";"6";"7";"8"},SUBSTITUTE(I9," ","")))))} -> 0 | AA9: =AA8/50 -> 0.5 | AB9: =AB8/50 -> 0.52
A10: K0732 | B10: Knowledge of intrusion detection tools and techniques | C10: 5 | D10: 0 | G10: ='Sara Mappings'!C10 -> 4 | H10: =IF('Sara Mappings'!D10=0,"",'Sara Mappings'!D10) -> Network Defense | I10: ='Valtteri Mappings'!C10 -> 5 | J10: =IF('Valtteri Mappings'!D10=0,"",'Valtteri Mappings'!D10) | K10: ='Paul Mappings'!C10 -> 4 | L10: =IF('Paul Mappings'!D10=0,"",'Paul Mappings'!D10) -> Seems that a separate network security KA is "missing" but IDS included in 4. 0,5,2,1,3 also seem reasonable to me here. | O10: =IF(SUBSTITUTE(G10," ","") = SUBSTITUTE(I10," ",""), 1, 0) -> 0 | P10: {=SUMPRODUCT(--(ISNUMBER(SEARCH({"0";"1";"2";"3";"4";"5";"6";"7";"8"},SUBSTITUTE(G10," ",""))) * ISNUMBER(SEARCH({"0";"1";"2";"3";"4";"5";"6";"7";"8"},SUBSTITUTE(I10," ","")))))} -> 0 | Q10: =IF(SUBSTITUTE(C10," ","") = SUBSTITUTE(I10," ",""), 1, 0) -> 1 | R10: {=SUMPRODUCT(--(ISNUMBER(SEARCH({"0";"1";"2";"3";"4";"5";"6";"7";"8"},SUBSTITUTE(C10," ",""))) * ISNUMBER(SEARCH({"0";"1";"2";"3";"4";"5";"6";"7";"8"},SUBSTITUTE(I10," ","")))))} -> 1 | S10: =IF(SUBSTITUTE(C10," ","") = SUBSTITUTE(G10," ",""), 1, 0) -> 0 | T10: {=SUMPRODUCT(--(ISNUMBER(SEARCH({"0";"1";"2";"3";"4";"5";"6";"7";"8"},SUBSTITUTE(C10," ",""))) * ISNUMBER(SEARCH({"0";"1";"2";"3";"4";"5";"6";"7";"8"},SUBSTITUTE(G10," ","")))))} -> 0 | U10: =IF(SUBSTITUTE(K10," ","") = SUBSTITUTE(G10," ",""), 1, 0) -> 1 | V10: {=SUMPRODUCT(--(ISNUMBER(SEARCH({"0";"1";"2";"3";"4";"5";"6";"7";"8"},SUBSTITUTE(K10," ",""))) * ISNUMBER(SEARCH({"0";"1";"2";"3";"4";"5";"6";"7";"8"},SUBSTITUTE(G10," ","")))))} -> 1 | W10: =IF(SUBSTITUTE(K10," ","") = SUBSTITUTE(C10," ",""), 1, 0) -> 0 | X10: {=SUMPRODUCT(--(ISNUMBER(SEARCH({"0";"1";"2";"3";"4";"5";"6";"7";"8"},SUBSTITUTE(K10," ",""))) * ISNUMBER(SEARCH({"0";"1";"2";"3";"4";"5";"6";"7";"8"},SUBSTITUTE(C10," ","")))))} -> 0 | Y10: =IF(SUBSTITUTE(K10," ","") = SUBSTITUTE(I10," ",""), 1, 0) -> 0 | Z10: {=SUMPRODUCT(--(ISNUMBER(SEARCH({"0";"1";"2";"3";"4";"5";"6";"7";"8"},SUBSTITUTE(K10," ",""))) * ISNUMBER(SEARCH({"0";"1";"2";"3";"4";"5";"6";"7";"8"},SUBSTITUTE(I10," ","")))))} -> 0 | AA10: # of same AI&P | AB10: # of intersected AI&P
A11: K0733 | B11: Knowledge of information technology (IT) architecture models and frameworks | C11: 0 | D11: 1 | G11: ='Sara Mappings'!C11 -> 0 | H11: =IF('Sara Mappings'!D11=0,"",'Sara Mappings'!D11) | I11: ='Valtteri Mappings'!C11 -> 0 | J11: =IF('Valtteri Mappings'!D11=0,"",'Valtteri Mappings'!D11) | K11: ='Paul Mappings'!C11 -> 5 | L11: =IF('Paul Mappings'!D11=0,"",'Paul Mappings'!D11) -> Bell-LaPadula …? 0 for Information Technology (wide topic) | O11: =IF(SUBSTITUTE(G11," ","") = SUBSTITUTE(I11," ",""), 1, 0) -> 1 | P11: {=SUMPRODUCT(--(ISNUMBER(SEARCH({"0";"1";"2";"3";"4";"5";"6";"7";"8"},SUBSTITUTE(G11," ",""))) * ISNUMBER(SEARCH({"0";"1";"2";"3";"4";"5";"6";"7";"8"},SUBSTITUTE(I11," ","")))))} -> 1 | Q11: =IF(SUBSTITUTE(C11," ","") = SUBSTITUTE(I11," ",""), 1, 0) -> 1 | R11: {=SUMPRODUCT(--(ISNUMBER(SEARCH({"0";"1";"2";"3";"4";"5";"6";"7";"8"},SUBSTITUTE(C11," ",""))) * ISNUMBER(SEARCH({"0";"1";"2";"3";"4";"5";"6";"7";"8"},SUBSTITUTE(I11," ","")))))} -> 1 | S11: =IF(SUBSTITUTE(C11," ","") = SUBSTITUTE(G11," ",""), 1, 0) -> 1 | T11: {=SUMPRODUCT(--(ISNUMBER(SEARCH({"0";"1";"2";"3";"4";"5";"6";"7";"8"},SUBSTITUTE(C11," ",""))) * ISNUMBER(SEARCH({"0";"1";"2";"3";"4";"5";"6";"7";"8"},SUBSTITUTE(G11," ","")))))} -> 1 | U11: =IF(SUBSTITUTE(K11," ","") = SUBSTITUTE(G11," ",""), 1, 0) -> 0 | V11: {=SUMPRODUCT(--(ISNUMBER(SEARCH({"0";"1";"2";"3";"4";"5";"6";"7";"8"},SUBSTITUTE(K11," ",""))) * ISNUMBER(SEARCH({"0";"1";"2";"3";"4";"5";"6";"7";"8"},SUBSTITUTE(G11," ","")))))} -> 0 | W11: =IF(SUBSTITUTE(K11," ","") = SUBSTITUTE(C11," ",""), 1, 0) -> 0 | X11: {=SUMPRODUCT(--(ISNUMBER(SEARCH({"0";"1";"2";"3";"4";"5";"6";"7";"8"},SUBSTITUTE(K11," ",""))) * ISNUMBER(SEARCH({"0";"1";"2";"3";"4";"5";"6";"7";"8"},SUBSTITUTE(C11," ","")))))} -> 0 | Y11: =IF(SUBSTITUTE(K11," ","") = SUBSTITUTE(I11," ",""), 1, 0) -> 0 | Z11: {=SUMPRODUCT(--(ISNUMBER(SEARCH({"0";"1";"2";"3";"4";"5";"6";"7";"8"},SUBSTITUTE(K11," ",""))) * ISNUMBER(SEARCH({"0";"1";"2";"3";"4";"5";"6";"7";"8"},SUBSTITUTE(I11," ","")))))} -> 0 | AA11: =SUM(W2:W51) -> 12 | AB11: {=SUMPRODUCT(--(X2:X51>=1))} -> 32
A12: K0757 | B12: Knowledge of system design tools and techniques | C12: 0 | D12: 0 | E12: 1 | F12: 0 | G12: ='Sara Mappings'!C12 -> 3 | H12: =IF('Sara Mappings'!D12=0,"",'Sara Mappings'!D12) -> Component Design (it can also be 0, as part of CS) | I12: ='Valtteri Mappings'!C12 -> 0 | J12: =IF('Valtteri Mappings'!D12=0,"",'Valtteri Mappings'!D12) | K12: ='Paul Mappings'!C12 -> 5 | L12: =IF('Paul Mappings'!D12=0,"",'Paul Mappings'!D12) | O12: =IF(SUBSTITUTE(G12," ","") = SUBSTITUTE(I12," ",""), 1, 0) -> 0 | P12: {=SUMPRODUCT(--(ISNUMBER(SEARCH({"0";"1";"2";"3";"4";"5";"6";"7";"8"},SUBSTITUTE(G12," ",""))) * ISNUMBER(SEARCH({"0";"1";"2";"3";"4";"5";"6";"7";"8"},SUBSTITUTE(I12," ","")))))} -> 0 | Q12: =IF(SUBSTITUTE(C12," ","") = SUBSTITUTE(I12," ",""), 1, 0) -> 1 | R12: {=SUMPRODUCT(--(ISNUMBER(SEARCH({"0";"1";"2";"3";"4";"5";"6";"7";"8"},SUBSTITUTE(C12," ",""))) * ISNUMBER(SEARCH({"0";"1";"2";"3";"4";"5";"6";"7";"8"},SUBSTITUTE(I12," ","")))))} -> 1 | S12: =IF(SUBSTITUTE(C12," ","") = SUBSTITUTE(G12," ",""), 1, 0) -> 0 | T12: {=SUMPRODUCT(--(ISNUMBER(SEARCH({"0";"1";"2";"3";"4";"5";"6";"7";"8"},SUBSTITUTE(C12," ",""))) * ISNUMBER(SEARCH({"0";"1";"2";"3";"4";"5";"6";"7";"8"},SUBSTITUTE(G12," ","")))))} -> 0 | U12: =IF(SUBSTITUTE(K12," ","") = SUBSTITUTE(G12," ",""), 1, 0) -> 0 | V12: {=SUMPRODUCT(--(ISNUMBER(SEARCH({"0";"1";"2";"3";"4";"5";"6";"7";"8"},SUBSTITUTE(K12," ",""))) * ISNUMBER(SEARCH({"0";"1";"2";"3";"4";"5";"6";"7";"8"},SUBSTITUTE(G12," ","")))))} -> 0 | W12: =IF(SUBSTITUTE(K12," ","") = SUBSTITUTE(C12," ",""), 1, 0) -> 0 | X12: {=SUMPRODUCT(--(ISNUMBER(SEARCH({"0";"1";"2";"3";"4";"5";"6";"7";"8"},SUBSTITUTE(K12," ",""))) * ISNUMBER(SEARCH({"0";"1";"2";"3";"4";"5";"6";"7";"8"},SUBSTITUTE(C12," ","")))))} -> 0 | Y12: =IF(SUBSTITUTE(K12," ","") = SUBSTITUTE(I12," ",""), 1, 0) -> 0 | Z12: {=SUMPRODUCT(--(ISNUMBER(SEARCH({"0";"1";"2";"3";"4";"5";"6";"7";"8"},SUBSTITUTE(K12," ",""))) * ISNUMBER(SEARCH({"0";"1";"2";"3";"4";"5";"6";"7";"8"},SUBSTITUTE(I12," ","")))))} -> 0 | AA12: =AA11/50 -> 0.24 | AB12: =AB11/50 -> 0.64
A13: K0765 | B13: Knowledge of software engineering principles and practices | C13: 0, 2 | D13: 1 | G13: ='Sara Mappings'!C13 -> 2 | H13: =IF('Sara Mappings'!D13=0,"",'Sara Mappings'!D13) -> it can also be 0, as part of CS | I13: ='Valtteri Mappings'!C13 -> 0 | J13: =IF('Valtteri Mappings'!D13=0,"",'Valtteri Mappings'!D13) | K13: ='Paul Mappings'!C13 -> 2 | L13: =IF('Paul Mappings'!D13=0,"",'Paul Mappings'!D13) | O13: =IF(SUBSTITUTE(G13," ","") = SUBSTITUTE(I13," ",""), 1, 0) -> 0 | P13: {=SUMPRODUCT(--(ISNUMBER(SEARCH({"0";"1";"2";"3";"4";"5";"6";"7";"8"},SUBSTITUTE(G13," ",""))) * ISNUMBER(SEARCH({"0";"1";"2";"3";"4";"5";"6";"7";"8"},SUBSTITUTE(I13," ","")))))} -> 0 | Q13: =IF(SUBSTITUTE(C13," ","") = SUBSTITUTE(I13," ",""), 1, 0) -> 0 | R13: {=SUMPRODUCT(--(ISNUMBER(SEARCH({"0";"1";"2";"3";"4";"5";"6";"7";"8"},SUBSTITUTE(C13," ",""))) * ISNUMBER(SEARCH({"0";"1";"2";"3";"4";"5";"6";"7";"8"},SUBSTITUTE(I13," ","")))))} -> 1 | S13: =IF(SUBSTITUTE(C13," ","") = SUBSTITUTE(G13," ",""), 1, 0) -> 0 | T13: {=SUMPRODUCT(--(ISNUMBER(SEARCH({"0";"1";"2";"3";"4";"5";"6";"7";"8"},SUBSTITUTE(C13," ",""))) * ISNUMBER(SEARCH({"0";"1";"2";"3";"4";"5";"6";"7";"8"},SUBSTITUTE(G13," ","")))))} -> 1 | U13: =IF(SUBSTITUTE(K13," ","") = SUBSTITUTE(G13," ",""), 1, 0) -> 1 | V13: {=SUMPRODUCT(--(ISNUMBER(SEARCH({"0";"1";"2";"3";"4";"5";"6";"7";"8"},SUBSTITUTE(K13," ",""))) * ISNUMBER(SEARCH({"0";"1";"2";"3";"4";"5";"6";"7";"8"},SUBSTITUTE(G13," ","")))))} -> 1 | W13: =IF(SUBSTITUTE(K13," ","") = SUBSTITUTE(C13," ",""), 1, 0) -> 0 | X13: {=SUMPRODUCT(--(ISNUMBER(SEARCH({"0";"1";"2";"3";"4";"5";"6";"7";"8"},SUBSTITUTE(K13," ",""))) * ISNUMBER(SEARCH({"0";"1";"2";"3";"4";"5";"6";"7";"8"},SUBSTITUTE(C13," ","")))))} -> 1 | Y13: =IF(SUBSTITUTE(K13," ","") = SUBSTITUTE(I13," ",""), 1, 0) -> 0 | Z13: {=SUMPRODUCT(--(ISNUMBER(SEARCH({"0";"1";"2";"3";"4";"5";"6";"7";"8"},SUBSTITUTE(K13," ",""))) * ISNUMBER(SEARCH({"0";"1";"2";"3";"4";"5";"6";"7";"8"},SUBSTITUTE(I13," ","")))))} -> 0 | AA13: # of same P&S | AB13: # of intersected P&S
A14: K0773 | B14: Knowledge of telecommunications principles and practices | C14: 0 | D14: 1 | G14: ='Sara Mappings'!C14 -> 0 | H14: =IF('Sara Mappings'!D14=0,"",'Sara Mappings'!D14) -> Communication and Networking | I14: ='Valtteri Mappings'!C14 -> 0 | J14: =IF('Valtteri Mappings'!D14=0,"",'Valtteri Mappings'!D14) | K14: ='Paul Mappings'!C14 -> 0 | L14: =IF('Paul Mappings'!D14=0,"",'Paul Mappings'!D14) -> o for communication and networking. No clear KA, 1,4 might also be appropriate | O14: =IF(SUBSTITUTE(G14," ","") = SUBSTITUTE(I14," ",""), 1, 0) -> 1 | P14: {=SUMPRODUCT(--(ISNUMBER(SEARCH({"0";"1";"2";"3";"4";"5";"6";"7";"8"},SUBSTITUTE(G14," ",""))) * ISNUMBER(SEARCH({"0";"1";"2";"3";"4";"5";"6";"7";"8"},SUBSTITUTE(I14," ","")))))} -> 1 | Q14: =IF(SUBSTITUTE(C14," ","") = SUBSTITUTE(I14," ",""), 1, 0) -> 1 | R14: {=SUMPRODUCT(--(ISNUMBER(SEARCH({"0";"1";"2";"3";"4";"5";"6";"7";"8"},SUBSTITUTE(C14," ",""))) * ISNUMBER(SEARCH({"0";"1";"2";"3";"4";"5";"6";"7";"8"},SUBSTITUTE(I14," ","")))))} -> 1 | S14: =IF(SUBSTITUTE(C14," ","") = SUBSTITUTE(G14," ",""), 1, 0) -> 1 | T14: {=SUMPRODUCT(--(ISNUMBER(SEARCH({"0";"1";"2";"3";"4";"5";"6";"7";"8"},SUBSTITUTE(C14," ",""))) * ISNUMBER(SEARCH({"0";"1";"2";"3";"4";"5";"6";"7";"8"},SUBSTITUTE(G14," ","")))))} -> 1 | U14: =IF(SUBSTITUTE(K14," ","") = SUBSTITUTE(G14," ",""), 1, 0) -> 1 | V14: {=SUMPRODUCT(--(ISNUMBER(SEARCH({"0";"1";"2";"3";"4";"5";"6";"7";"8"},SUBSTITUTE(K14," ",""))) * ISNUMBER(SEARCH({"0";"1";"2";"3";"4";"5";"6";"7";"8"},SUBSTITUTE(G14," ","")))))} -> 1 | W14: =IF(SUBSTITUTE(K14," ","") = SUBSTITUTE(C14," ",""), 1, 0) -> 1 | X14: {=SUMPRODUCT(--(ISNUMBER(SEARCH({"0";"1";"2";"3";"4";"5";"6";"7";"8"},SUBSTITUTE(K14," ",""))) * ISNUMBER(SEARCH({"0";"1";"2";"3";"4";"5";"6";"7";"8"},SUBSTITUTE(C14," ","")))))} -> 1 | Y14: =IF(SUBSTITUTE(K14," ","") = SUBSTITUTE(I14," ",""), 1, 0) -> 1 | Z14: {=SUMPRODUCT(--(ISNUMBER(SEARCH({"0";"1";"2";"3";"4";"5";"6";"7";"8"},SUBSTITUTE(K14," ",""))) * ISNUMBER(SEARCH({"0";"1";"2";"3";"4";"5";"6";"7";"8"},SUBSTITUTE(I14," ","")))))} -> 1 | AA14: =SUM(U2:U51) -> 21 | AB14: {=SUMPRODUCT(--(V2:V51>=1))} -> 27
A15: K0775 | B15: Knowledge of information management tools and techniques | C15: 0 | D15: 1 | G15: ='Sara Mappings'!C15 -> 0 | H15: =IF('Sara Mappings'!D15=0,"",'Sara Mappings'!D15) -> IT | I15: ='Valtteri Mappings'!C15 -> 0 | J15: =IF('Valtteri Mappings'!D15=0,"",'Valtteri Mappings'!D15) | K15: ='Paul Mappings'!C15 -> 0 | L15: =IF('Paul Mappings'!D15=0,"",'Paul Mappings'!D15) -> 5,1 also? | O15: =IF(SUBSTITUTE(G15," ","") = SUBSTITUTE(I15," ",""), 1, 0) -> 1 | P15: {=SUMPRODUCT(--(ISNUMBER(SEARCH({"0";"1";"2";"3";"4";"5";"6";"7";"8"},SUBSTITUTE(G15," ",""))) * ISNUMBER(SEARCH({"0";"1";"2";"3";"4";"5";"6";"7";"8"},SUBSTITUTE(I15," ","")))))} -> 1 | Q15: =IF(SUBSTITUTE(C15," ","") = SUBSTITUTE(I15," ",""), 1, 0) -> 1 | R15: {=SUMPRODUCT(--(ISNUMBER(SEARCH({"0";"1";"2";"3";"4";"5";"6";"7";"8"},SUBSTITUTE(C15," ",""))) * ISNUMBER(SEARCH({"0";"1";"2";"3";"4";"5";"6";"7";"8"},SUBSTITUTE(I15," ","")))))} -> 1 | S15: =IF(SUBSTITUTE(C15," ","") = SUBSTITUTE(G15," ",""), 1, 0) -> 1 | T15: {=SUMPRODUCT(--(ISNUMBER(SEARCH({"0";"1";"2";"3";"4";"5";"6";"7";"8"},SUBSTITUTE(C15," ",""))) * ISNUMBER(SEARCH({"0";"1";"2";"3";"4";"5";"6";"7";"8"},SUBSTITUTE(G15," ","")))))} -> 1 | U15: =IF(SUBSTITUTE(K15," ","") = SUBSTITUTE(G15," ",""), 1, 0) -> 1 | V15: {=SUMPRODUCT(--(ISNUMBER(SEARCH({"0";"1";"2";"3";"4";"5";"6";"7";"8"},SUBSTITUTE(K15," ",""))) * ISNUMBER(SEARCH({"0";"1";"2";"3";"4";"5";"6";"7";"8"},SUBSTITUTE(G15," ","")))))} -> 1 | W15: =IF(SUBSTITUTE(K15," ","") = SUBSTITUTE(C15," ",""), 1, 0) -> 1 | X15: {=SUMPRODUCT(--(ISNUMBER(SEARCH({"0";"1";"2";"3";"4";"5";"6";"7";"8"},SUBSTITUTE(K15," ",""))) * ISNUMBER(SEARCH({"0";"1";"2";"3";"4";"5";"6";"7";"8"},SUBSTITUTE(C15," ","")))))} -> 1 | Y15: =IF(SUBSTITUTE(K15," ","") = SUBSTITUTE(I15," ",""), 1, 0) -> 1 | Z15: {=SUMPRODUCT(--(ISNUMBER(SEARCH({"0";"1";"2";"3";"4";"5";"6";"7";"8"},SUBSTITUTE(K15," ",""))) * ISNUMBER(SEARCH({"0";"1";"2";"3";"4";"5";"6";"7";"8"},SUBSTITUTE(I15," ","")))))} -> 1 | AA15: =AA14/50 -> 0.42 | AB15: =AB14/50 -> 0.54
A16: K0776 | B16: Knowledge of collaboration tools and techniques | C16: 0 | D16: 1 | G16: ='Sara Mappings'!C16 -> 0 | H16: =IF('Sara Mappings'!D16=0,"",'Sara Mappings'!D16) -> Business and Law | I16: ='Valtteri Mappings'!C16 -> 0 | J16: =IF('Valtteri Mappings'!D16=0,"",'Valtteri Mappings'!D16) | K16: ='Paul Mappings'!C16 -> 0 | L16: =IF('Paul Mappings'!D16=0,"",'Paul Mappings'!D16) -> ? | O16: =IF(SUBSTITUTE(G16," ","") = SUBSTITUTE(I16," ",""), 1, 0) -> 1 | P16: {=SUMPRODUCT(--(ISNUMBER(SEARCH({"0";"1";"2";"3";"4";"5";"6";"7";"8"},SUBSTITUTE(G16," ",""))) * ISNUMBER(SEARCH({"0";"1";"2";"3";"4";"5";"6";"7";"8"},SUBSTITUTE(I16," ","")))))} -> 1 | Q16: =IF(SUBSTITUTE(C16," ","") = SUBSTITUTE(I16," ",""), 1, 0) -> 1 | R16: {=SUMPRODUCT(--(ISNUMBER(SEARCH({"0";"1";"2";"3";"4";"5";"6";"7";"8"},SUBSTITUTE(C16," ",""))) * ISNUMBER(SEARCH({"0";"1";"2";"3";"4";"5";"6";"7";"8"},SUBSTITUTE(I16," ","")))))} -> 1 | S16: =IF(SUBSTITUTE(C16," ","") = SUBSTITUTE(G16," ",""), 1, 0) -> 1 | T16: {=SUMPRODUCT(--(ISNUMBER(SEARCH({"0";"1";"2";"3";"4";"5";"6";"7";"8"},SUBSTITUTE(C16," ",""))) * ISNUMBER(SEARCH({"0";"1";"2";"3";"4";"5";"6";"7";"8"},SUBSTITUTE(G16," ","")))))} -> 1 | U16: =IF(SUBSTITUTE(K16," ","") = SUBSTITUTE(G16," ",""), 1, 0) -> 1 | V16: {=SUMPRODUCT(--(ISNUMBER(SEARCH({"0";"1";"2";"3";"4";"5";"6";"7";"8"},SUBSTITUTE(K16," ",""))) * ISNUMBER(SEARCH({"0";"1";"2";"3";"4";"5";"6";"7";"8"},SUBSTITUTE(G16," ","")))))} -> 1 | W16: =IF(SUBSTITUTE(K16," ","") = SUBSTITUTE(C16," ",""), 1, 0) -> 1 | X16: {=SUMPRODUCT(--(ISNUMBER(SEARCH({"0";"1";"2";"3";"4";"5";"6";"7";"8"},SUBSTITUTE(K16," ",""))) * ISNUMBER(SEARCH({"0";"1";"2";"3";"4";"5";"6";"7";"8"},SUBSTITUTE(C16," ","")))))} -> 1 | Y16: =IF(SUBSTITUTE(K16," ","") = SUBSTITUTE(I16," ",""), 1, 0) -> 1 | Z16: {=SUMPRODUCT(--(ISNUMBER(SEARCH({"0";"1";"2";"3";"4";"5";"6";"7";"8"},SUBSTITUTE(K16," ",""))) * ISNUMBER(SEARCH({"0";"1";"2";"3";"4";"5";"6";"7";"8"},SUBSTITUTE(I16," ","")))))} -> 1 | AA16: # of same P&V | AB16: # of intersected P&V
A17: K0798 | B17: Knowledge of program management principles and practices | C17: 0, 7 | D17: 1 | G17: ='Sara Mappings'!C17 -> 0 | H17: =IF('Sara Mappings'!D17=0,"",'Sara Mappings'!D17) | I17: ='Valtteri Mappings'!C17 -> 0 | J17: =IF('Valtteri Mappings'!D17=0,"",'Valtteri Mappings'!D17) | K17: ='Paul Mappings'!C17 -> 0 | L17: =IF('Paul Mappings'!D17=0,"",'Paul Mappings'!D17) -> educational program, computer program,...? | O17: =IF(SUBSTITUTE(G17," ","") = SUBSTITUTE(I17," ",""), 1, 0) -> 1 | P17: {=SUMPRODUCT(--(ISNUMBER(SEARCH({"0";"1";"2";"3";"4";"5";"6";"7";"8"},SUBSTITUTE(G17," ",""))) * ISNUMBER(SEARCH({"0";"1";"2";"3";"4";"5";"6";"7";"8"},SUBSTITUTE(I17," ","")))))} -> 1 | Q17: =IF(SUBSTITUTE(C17," ","") = SUBSTITUTE(I17," ",""), 1, 0) -> 0 | R17: {=SUMPRODUCT(--(ISNUMBER(SEARCH({"0";"1";"2";"3";"4";"5";"6";"7";"8"},SUBSTITUTE(C17," ",""))) * ISNUMBER(SEARCH({"0";"1";"2";"3";"4";"5";"6";"7";"8"},SUBSTITUTE(I17," ","")))))} -> 1 | S17: =IF(SUBSTITUTE(C17," ","") = SUBSTITUTE(G17," ",""), 1, 0) -> 0 | T17: {=SUMPRODUCT(--(ISNUMBER(SEARCH({"0";"1";"2";"3";"4";"5";"6";"7";"8"},SUBSTITUTE(C17," ",""))) * ISNUMBER(SEARCH({"0";"1";"2";"3";"4";"5";"6";"7";"8"},SUBSTITUTE(G17," ","")))))} -> 1 | U17: =IF(SUBSTITUTE(K17," ","") = SUBSTITUTE(G17," ",""), 1, 0) -> 1 | V17: {=SUMPRODUCT(--(ISNUMBER(SEARCH({"0";"1";"2";"3";"4";"5";"6";"7";"8"},SUBSTITUTE(K17," ",""))) * ISNUMBER(SEARCH({"0";"1";"2";"3";"4";"5";"6";"7";"8"},SUBSTITUTE(G17," ","")))))} -> 1 | W17: =IF(SUBSTITUTE(K17," ","") = SUBSTITUTE(C17," ",""), 1, 0) -> 0 | X17: {=SUMPRODUCT(--(ISNUMBER(SEARCH({"0";"1";"2";"3";"4";"5";"6";"7";"8"},SUBSTITUTE(K17," ",""))) * ISNUMBER(SEARCH({"0";"1";"2";"3";"4";"5";"6";"7";"8"},SUBSTITUTE(C17," ","")))))} -> 1 | Y17: =IF(SUBSTITUTE(K17," ","") = SUBSTITUTE(I17," ",""), 1, 0) -> 1 | Z17: {=SUMPRODUCT(--(ISNUMBER(SEARCH({"0";"1";"2";"3";"4";"5";"6";"7";"8"},SUBSTITUTE(K17," ",""))) * ISNUMBER(SEARCH({"0";"1";"2";"3";"4";"5";"6";"7";"8"},SUBSTITUTE(I17," ","")))))} -> 1 | AA17: =SUM(Y2:Y51) -> 20 | AB17: {=SUMPRODUCT(--(Z2:Z51>=1))} -> 28
A18: K0801 | B18: Knowledge of cognitive domain models and frameworks | C18: 0 | D18: 1 | G18: ='Sara Mappings'!C18 -> 0 | H18: =IF('Sara Mappings'!D18=0,"",'Sara Mappings'!D18) -> Pedagogy | I18: ='Valtteri Mappings'!C18 -> 0 | J18: =IF('Valtteri Mappings'!D18=0,"",'Valtteri Mappings'!D18) | K18: ='Paul Mappings'!C18 -> 0 | L18: =IF('Paul Mappings'!D18=0,"",'Paul Mappings'!D18) -> 6 human factors also? | O18: =IF(SUBSTITUTE(G18," ","") = SUBSTITUTE(I18," ",""), 1, 0) -> 1 | P18: {=SUMPRODUCT(--(ISNUMBER(SEARCH({"0";"1";"2";"3";"4";"5";"6";"7";"8"},SUBSTITUTE(G18," ",""))) * ISNUMBER(SEARCH({"0";"1";"2";"3";"4";"5";"6";"7";"8"},SUBSTITUTE(I18," ","")))))} -> 1 | Q18: =IF(SUBSTITUTE(C18," ","") = SUBSTITUTE(I18," ",""), 1, 0) -> 1 | R18: {=SUMPRODUCT(--(ISNUMBER(SEARCH({"0";"1";"2";"3";"4";"5";"6";"7";"8"},SUBSTITUTE(C18," ",""))) * ISNUMBER(SEARCH({"0";"1";"2";"3";"4";"5";"6";"7";"8"},SUBSTITUTE(I18," ","")))))} -> 1 | S18: =IF(SUBSTITUTE(C18," ","") = SUBSTITUTE(G18," ",""), 1, 0) -> 1 | T18: {=SUMPRODUCT(--(ISNUMBER(SEARCH({"0";"1";"2";"3";"4";"5";"6";"7";"8"},SUBSTITUTE(C18," ",""))) * ISNUMBER(SEARCH({"0";"1";"2";"3";"4";"5";"6";"7";"8"},SUBSTITUTE(G18," ","")))))} -> 1 | U18: =IF(SUBSTITUTE(K18," ","") = SUBSTITUTE(G18," ",""), 1, 0) -> 1 | V18: {=SUMPRODUCT(--(ISNUMBER(SEARCH({"0";"1";"2";"3";"4";"5";"6";"7";"8"},SUBSTITUTE(K18," ",""))) * ISNUMBER(SEARCH({"0";"1";"2";"3";"4";"5";"6";"7";"8"},SUBSTITUTE(G18," ","")))))} -> 1 | W18: =IF(SUBSTITUTE(K18," ","") = SUBSTITUTE(C18," ",""), 1, 0) -> 1 | X18: {=SUMPRODUCT(--(ISNUMBER(SEARCH({"0";"1";"2";"3";"4";"5";"6";"7";"8"},SUBSTITUTE(K18," ",""))) * ISNUMBER(SEARCH({"0";"1";"2";"3";"4";"5";"6";"7";"8"},SUBSTITUTE(C18," ","")))))} -> 1 | Y18: =IF(SUBSTITUTE(K18," ","") = SUBSTITUTE(I18," ",""), 1, 0) -> 1 | Z18: {=SUMPRODUCT(--(ISNUMBER(SEARCH({"0";"1";"2";"3";"4";"5";"6";"7";"8"},SUBSTITUTE(K18," ",""))) * ISNUMBER(SEARCH({"0";"1";"2";"3";"4";"5";"6";"7";"8"},SUBSTITUTE(I18," ","")))))} -> 1 | AA18: =AA17/50 -> 0.4 | AB18: =AB17/50 -> 0.56
A19: K0807 | B19: Knowledge of web mail tools and techniques | C19: 0 | D19: 1 | G19: ='Sara Mappings'!C19 -> 0 | H19: =IF('Sara Mappings'!D19=0,"",'Sara Mappings'!D19) -> CS | I19: ='Valtteri Mappings'!C19 -> 0 | J19: =IF('Valtteri Mappings'!D19=0,"",'Valtteri Mappings'!D19) | K19: ='Paul Mappings'!C19 -> 6 | L19: =IF('Paul Mappings'!D19=0,"",'Paul Mappings'!D19) -> Not web attacks or technical as I interpreted it | O19: =IF(SUBSTITUTE(G19," ","") = SUBSTITUTE(I19," ",""), 1, 0) -> 1 | P19: {=SUMPRODUCT(--(ISNUMBER(SEARCH({"0";"1";"2";"3";"4";"5";"6";"7";"8"},SUBSTITUTE(G19," ",""))) * ISNUMBER(SEARCH({"0";"1";"2";"3";"4";"5";"6";"7";"8"},SUBSTITUTE(I19," ","")))))} -> 1 | Q19: =IF(SUBSTITUTE(C19," ","") = SUBSTITUTE(I19," ",""), 1, 0) -> 1 | R19: {=SUMPRODUCT(--(ISNUMBER(SEARCH({"0";"1";"2";"3";"4";"5";"6";"7";"8"},SUBSTITUTE(C19," ",""))) * ISNUMBER(SEARCH({"0";"1";"2";"3";"4";"5";"6";"7";"8"},SUBSTITUTE(I19," ","")))))} -> 1 | S19: =IF(SUBSTITUTE(C19," ","") = SUBSTITUTE(G19," ",""), 1, 0) -> 1 | T19: {=SUMPRODUCT(--(ISNUMBER(SEARCH({"0";"1";"2";"3";"4";"5";"6";"7";"8"},SUBSTITUTE(C19," ",""))) * ISNUMBER(SEARCH({"0";"1";"2";"3";"4";"5";"6";"7";"8"},SUBSTITUTE(G19," ","")))))} -> 1 | U19: =IF(SUBSTITUTE(K19," ","") = SUBSTITUTE(G19," ",""), 1, 0) -> 0 | V19: {=SUMPRODUCT(--(ISNUMBER(SEARCH({"0";"1";"2";"3";"4";"5";"6";"7";"8"},SUBSTITUTE(K19," ",""))) * ISNUMBER(SEARCH({"0";"1";"2";"3";"4";"5";"6";"7";"8"},SUBSTITUTE(G19," ","")))))} -> 0 | W19: =IF(SUBSTITUTE(K19," ","") = SUBSTITUTE(C19," ",""), 1, 0) -> 0 | X19: {=SUMPRODUCT(--(ISNUMBER(SEARCH({"0";"1";"2";"3";"4";"5";"6";"7";"8"},SUBSTITUTE(K19," ",""))) * ISNUMBER(SEARCH({"0";"1";"2";"3";"4";"5";"6";"7";"8"},SUBSTITUTE(C19," ","")))))} -> 0 | Y19: =IF(SUBSTITUTE(K19," ","") = SUBSTITUTE(I19," ",""), 1, 0) -> 0 | Z19: {=SUMPRODUCT(--(ISNUMBER(SEARCH({"0";"1";"2";"3";"4";"5";"6";"7";"8"},SUBSTITUTE(K19," ",""))) * ISNUMBER(SEARCH({"0";"1";"2";"3";"4";"5";"6";"7";"8"},SUBSTITUTE(I19," ","")))))} -> 0
A20: K0814 | B20: Knowledge of secure coding tools and techniques | C20: 2 | D20: 1 | G20: ='Sara Mappings'!C20 -> 2 | H20: =IF('Sara Mappings'!D20=0,"",'Sara Mappings'!D20) | I20: ='Valtteri Mappings'!C20 -> 2 | J20: =IF('Valtteri Mappings'!D20=0,"",'Valtteri Mappings'!D20) | K20: ='Paul Mappings'!C20 -> 2 | L20: =IF('Paul Mappings'!D20=0,"",'Paul Mappings'!D20) | O20: =IF(SUBSTITUTE(G20," ","") = SUBSTITUTE(I20," ",""), 1, 0) -> 1 | P20: {=SUMPRODUCT(--(ISNUMBER(SEARCH({"0";"1";"2";"3";"4";"5";"6";"7";"8"},SUBSTITUTE(G20," ",""))) * ISNUMBER(SEARCH({"0";"1";"2";"3";"4";"5";"6";"7";"8"},SUBSTITUTE(I20," ","")))))} -> 1 | Q20: =IF(SUBSTITUTE(C20," ","") = SUBSTITUTE(I20," ",""), 1, 0) -> 1 | R20: {=SUMPRODUCT(--(ISNUMBER(SEARCH({"0";"1";"2";"3";"4";"5";"6";"7";"8"},SUBSTITUTE(C20," ",""))) * ISNUMBER(SEARCH({"0";"1";"2";"3";"4";"5";"6";"7";"8"},SUBSTITUTE(I20," ","")))))} -> 1 | S20: =IF(SUBSTITUTE(C20," ","") = SUBSTITUTE(G20," ",""), 1, 0) -> 1 | T20: {=SUMPRODUCT(--(ISNUMBER(SEARCH({"0";"1";"2";"3";"4";"5";"6";"7";"8"},SUBSTITUTE(C20," ",""))) * ISNUMBER(SEARCH({"0";"1";"2";"3";"4";"5";"6";"7";"8"},SUBSTITUTE(G20," ","")))))} -> 1 | U20: =IF(SUBSTITUTE(K20," ","") = SUBSTITUTE(G20," ",""), 1, 0) -> 1 | V20: {=SUMPRODUCT(--(ISNUMBER(SEARCH({"0";"1";"2";"3";"4";"5";"6";"7";"8"},SUBSTITUTE(K20," ",""))) * ISNUMBER(SEARCH({"0";"1";"2";"3";"4";"5";"6";"7";"8"},SUBSTITUTE(G20," ","")))))} -> 1 | W20: =IF(SUBSTITUTE(K20," ","") = SUBSTITUTE(C20," ",""), 1, 0) -> 1 | X20: {=SUMPRODUCT(--(ISNUMBER(SEARCH({"0";"1";"2";"3";"4";"5";"6";"7";"8"},SUBSTITUTE(K20," ",""))) * ISNUMBER(SEARCH({"0";"1";"2";"3";"4";"5";"6";"7";"8"},SUBSTITUTE(C20," ","")))))} -> 1 | Y20: =IF(SUBSTITUTE(K20," ","") = SUBSTITUTE(I20," ",""), 1, 0) -> 1 | Z20: {=SUMPRODUCT(--(ISNUMBER(SEARCH({"0";"1";"2";"3";"4";"5";"6";"7";"8"},SUBSTITUTE(K20," ",""))) * ISNUMBER(SEARCH({"0";"1";"2";"3";"4";"5";"6";"7";"8"},SUBSTITUTE(I20," ","")))))} -> 1
A21: K0822 | B21: Knowledge of risk tolerance principles and practices | C21: 7 | D21: 1 | G21: ='Sara Mappings'!C21 -> 7 | H21: =IF('Sara Mappings'!D21=0,"",'Sara Mappings'!D21) -> Risk Management | I21: ='Valtteri Mappings'!C21 -> 5 | J21: =IF('Valtteri Mappings'!D21=0,"",'Valtteri Mappings'!D21) | K21: ='Paul Mappings'!C21 -> 7 | L21: =IF('Paul Mappings'!D21=0,"",'Paul Mappings'!D21) -> many KAs relevant | O21: =IF(SUBSTITUTE(G21," ","") = SUBSTITUTE(I21," ",""), 1, 0) -> 0 | P21: {=SUMPRODUCT(--(ISNUMBER(SEARCH({"0";"1";"2";"3";"4";"5";"6";"7";"8"},SUBSTITUTE(G21," ",""))) * ISNUMBER(SEARCH({"0";"1";"2";"3";"4";"5";"6";"7";"8"},SUBSTITUTE(I21," ","")))))} -> 0 | Q21: =IF(SUBSTITUTE(C21," ","") = SUBSTITUTE(I21," ",""), 1, 0) -> 0 | R21: {=SUMPRODUCT(--(ISNUMBER(SEARCH({"0";"1";"2";"3";"4";"5";"6";"7";"8"},SUBSTITUTE(C21," ",""))) * ISNUMBER(SEARCH({"0";"1";"2";"3";"4";"5";"6";"7";"8"},SUBSTITUTE(I21," ","")))))} -> 0 | S21: =IF(SUBSTITUTE(C21," ","") = SUBSTITUTE(G21," ",""), 1, 0) -> 1 | T21: {=SUMPRODUCT(--(ISNUMBER(SEARCH({"0";"1";"2";"3";"4";"5";"6";"7";"8"},SUBSTITUTE(C21," ",""))) * ISNUMBER(SEARCH({"0";"1";"2";"3";"4";"5";"6";"7";"8"},SUBSTITUTE(G21," ","")))))} -> 1 | U21: =IF(SUBSTITUTE(K21," ","") = SUBSTITUTE(G21," ",""), 1, 0) -> 1 | V21: {=SUMPRODUCT(--(ISNUMBER(SEARCH({"0";"1";"2";"3";"4";"5";"6";"7";"8"},SUBSTITUTE(K21," ",""))) * ISNUMBER(SEARCH({"0";"1";"2";"3";"4";"5";"6";"7";"8"},SUBSTITUTE(G21," ","")))))} -> 1 | W21: =IF(SUBSTITUTE(K21," ","") = SUBSTITUTE(C21," ",""), 1, 0) -> 1 | X21: {=SUMPRODUCT(--(ISNUMBER(SEARCH({"0";"1";"2";"3";"4";"5";"6";"7";"8"},SUBSTITUTE(K21," ",""))) * ISNUMBER(SEARCH({"0";"1";"2";"3";"4";"5";"6";"7";"8"},SUBSTITUTE(C21," ","")))))} -> 1 | Y21: =IF(SUBSTITUTE(K21," ","") = SUBSTITUTE(I21," ",""), 1, 0) -> 0 | Z21: {=SUMPRODUCT(--(ISNUMBER(SEARCH({"0";"1";"2";"3";"4";"5";"6";"7";"8"},SUBSTITUTE(K21," ",""))) * ISNUMBER(SEARCH({"0";"1";"2";"3";"4";"5";"6";"7";"8"},SUBSTITUTE(I21," ","")))))} -> 0
A22: K0829 | B22: Knowledge of account creation policies and procedures | C22: 7 | D22: 0 | G22: ='Sara Mappings'!C22 -> 0 | H22: =IF('Sara Mappings'!D22=0,"",'Sara Mappings'!D22) -> Business and Law | I22: ='Valtteri Mappings'!C22 -> 0 | J22: =IF('Valtteri Mappings'!D22=0,"",'Valtteri Mappings'!D22) | K22: ='Paul Mappings'!C22 -> 5.6 | L22: =IF('Paul Mappings'!D22=0,"",'Paul Mappings'!D22) -> somewhat technical interpretation | O22: =IF(SUBSTITUTE(G22," ","") = SUBSTITUTE(I22," ",""), 1, 0) -> 1 | P22: {=SUMPRODUCT(--(ISNUMBER(SEARCH({"0";"1";"2";"3";"4";"5";"6";"7";"8"},SUBSTITUTE(G22," ",""))) * ISNUMBER(SEARCH({"0";"1";"2";"3";"4";"5";"6";"7";"8"},SUBSTITUTE(I22," ","")))))} -> 1 | Q22: =IF(SUBSTITUTE(C22," ","") = SUBSTITUTE(I22," ",""), 1, 0) -> 0 | R22: {=SUMPRODUCT(--(ISNUMBER(SEARCH({"0";"1";"2";"3";"4";"5";"6";"7";"8"},SUBSTITUTE(C22," ",""))) * ISNUMBER(SEARCH({"0";"1";"2";"3";"4";"5";"6";"7";"8"},SUBSTITUTE(I22," ","")))))} -> 0 | S22: =IF(SUBSTITUTE(C22," ","") = SUBSTITUTE(G22," ",""), 1, 0) -> 0 | T22: {=SUMPRODUCT(--(ISNUMBER(SEARCH({"0";"1";"2";"3";"4";"5";"6";"7";"8"},SUBSTITUTE(C22," ",""))) * ISNUMBER(SEARCH({"0";"1";"2";"3";"4";"5";"6";"7";"8"},SUBSTITUTE(G22," ","")))))} -> 0 | U22: =IF(SUBSTITUTE(K22," ","") = SUBSTITUTE(G22," ",""), 1, 0) -> 0 | V22: {=SUMPRODUCT(--(ISNUMBER(SEARCH({"0";"1";"2";"3";"4";"5";"6";"7";"8"},SUBSTITUTE(K22," ",""))) * ISNUMBER(SEARCH({"0";"1";"2";"3";"4";"5";"6";"7";"8"},SUBSTITUTE(G22," ","")))))} -> 0 | W22: =IF(SUBSTITUTE(K22," ","") = SUBSTITUTE(C22," ",""), 1, 0) -> 0 | X22: {=SUMPRODUCT(--(ISNUMBER(SEARCH({"0";"1";"2";"3";"4";"5";"6";"7";"8"},SUBSTITUTE(K22," ",""))) * ISNUMBER(SEARCH({"0";"1";"2";"3";"4";"5";"6";"7";"8"},SUBSTITUTE(C22," ","")))))} -> 0 | Y22: =IF(SUBSTITUTE(K22," ","") = SUBSTITUTE(I22," ",""), 1, 0) -> 0 | Z22: {=SUMPRODUCT(--(ISNUMBER(SEARCH({"0";"1";"2";"3";"4";"5";"6";"7";"8"},SUBSTITUTE(K22," ",""))) * ISNUMBER(SEARCH({"0";"1";"2";"3";"4";"5";"6";"7";"8"},SUBSTITUTE(I22," ","")))))} -> 0
A23: K0832 | B23: Knowledge of cyberattack characteristics | C23: 1, 5, 6, 7 | D23: 0 | E23: 1 | G23: ='Sara Mappings'!C23 -> 0 | H23: =IF('Sara Mappings'!D23=0,"",'Sara Mappings'!D23) -> Cyberspace Practice | I23: ='Valtteri Mappings'!C23 -> 5 | J23: =IF('Valtteri Mappings'!D23=0,"",'Valtteri Mappings'!D23) | K23: ='Paul Mappings'!C23 -> 8 | L23: =IF('Paul Mappings'!D23=0,"",'Paul Mappings'!D23) -> cybercrime | O23: =IF(SUBSTITUTE(G23," ","") = SUBSTITUTE(I23," ",""), 1, 0) -> 0 | P23: {=SUMPRODUCT(--(ISNUMBER(SEARCH({"0";"1";"2";"3";"4";"5";"6";"7";"8"},SUBSTITUTE(G23," ",""))) * ISNUMBER(SEARCH({"0";"1";"2";"3";"4";"5";"6";"7";"8"},SUBSTITUTE(I23," ","")))))} -> 0 | Q23: =IF(SUBSTITUTE(C23," ","") = SUBSTITUTE(I23," ",""), 1, 0) -> 0 | R23: {=SUMPRODUCT(--(ISNUMBER(SEARCH({"0";"1";"2";"3";"4";"5";"6";"7";"8"},SUBSTITUTE(C23," ",""))) * ISNUMBER(SEARCH({"0";"1";"2";"3";"4";"5";"6";"7";"8"},SUBSTITUTE(I23," ","")))))} -> 1 | S23: =IF(SUBSTITUTE(C23," ","") = SUBSTITUTE(G23," ",""), 1, 0) -> 0 | T23: {=SUMPRODUCT(--(ISNUMBER(SEARCH({"0";"1";"2";"3";"4";"5";"6";"7";"8"},SUBSTITUTE(C23," ",""))) * ISNUMBER(SEARCH({"0";"1";"2";"3";"4";"5";"6";"7";"8"},SUBSTITUTE(G23," ","")))))} -> 0 | U23: =IF(SUBSTITUTE(K23," ","") = SUBSTITUTE(G23," ",""), 1, 0) -> 0 | V23: {=SUMPRODUCT(--(ISNUMBER(SEARCH({"0";"1";"2";"3";"4";"5";"6";"7";"8"},SUBSTITUTE(K23," ",""))) * ISNUMBER(SEARCH({"0";"1";"2";"3";"4";"5";"6";"7";"8"},SUBSTITUTE(G23," ","")))))} -> 0 | W23: =IF(SUBSTITUTE(K23," ","") = SUBSTITUTE(C23," ",""), 1, 0) -> 0 | X23: {=SUMPRODUCT(--(ISNUMBER(SEARCH({"0";"1";"2";"3";"4";"5";"6";"7";"8"},SUBSTITUTE(K23," ",""))) * ISNUMBER(SEARCH({"0";"1";"2";"3";"4";"5";"6";"7";"8"},SUBSTITUTE(C23," ","")))))} -> 0 | Y23: =IF(SUBSTITUTE(K23," ","") = SUBSTITUTE(I23," ",""), 1, 0) -> 0 | Z23: {=SUMPRODUCT(--(ISNUMBER(SEARCH({"0";"1";"2";"3";"4";"5";"6";"7";"8"},SUBSTITUTE(K23," ",""))) * ISNUMBER(SEARCH({"0";"1";"2";"3";"4";"5";"6";"7";"8"},SUBSTITUTE(I23," ","")))))} -> 0
A24: K0844 | B24: Knowledge of cyberattack stages | C24: 5, 7 | D24: 0 | E24: 1 | G24: ='Sara Mappings'!C24 -> 0 | H24: =IF('Sara Mappings'!D24=0,"",'Sara Mappings'!D24) -> Cyberspace Practice | I24: ='Valtteri Mappings'!C24 -> 5 | J24: =IF('Valtteri Mappings'!D24=0,"",'Valtteri Mappings'!D24) | K24: ='Paul Mappings'!C24 -> 8 | L24: =IF('Paul Mappings'!D24=0,"",'Paul Mappings'!D24) -> cybercrime | O24: =IF(SUBSTITUTE(G24," ","") = SUBSTITUTE(I24," ",""), 1, 0) -> 0 | P24: {=SUMPRODUCT(--(ISNUMBER(SEARCH({"0";"1";"2";"3";"4";"5";"6";"7";"8"},SUBSTITUTE(G24," ",""))) * ISNUMBER(SEARCH({"0";"1";"2";"3";"4";"5";"6";"7";"8"},SUBSTITUTE(I24," ","")))))} -> 0 | Q24: =IF(SUBSTITUTE(C24," ","") = SUBSTITUTE(I24," ",""), 1, 0) -> 0 | R24: {=SUMPRODUCT(--(ISNUMBER(SEARCH({"0";"1";"2";"3";"4";"5";"6";"7";"8"},SUBSTITUTE(C24," ",""))) * ISNUMBER(SEARCH({"0";"1";"2";"3";"4";"5";"6";"7";"8"},SUBSTITUTE(I24," ","")))))} -> 1 | S24: =IF(SUBSTITUTE(C24," ","") = SUBSTITUTE(G24," ",""), 1, 0) -> 0 | T24: {=SUMPRODUCT(--(ISNUMBER(SEARCH({"0";"1";"2";"3";"4";"5";"6";"7";"8"},SUBSTITUTE(C24," ",""))) * ISNUMBER(SEARCH({"0";"1";"2";"3";"4";"5";"6";"7";"8"},SUBSTITUTE(G24," ","")))))} -> 0 | U24: =IF(SUBSTITUTE(K24," ","") = SUBSTITUTE(G24," ",""), 1, 0) -> 0 | V24: {=SUMPRODUCT(--(ISNUMBER(SEARCH({"0";"1";"2";"3";"4";"5";"6";"7";"8"},SUBSTITUTE(K24," ",""))) * ISNUMBER(SEARCH({"0";"1";"2";"3";"4";"5";"6";"7";"8"},SUBSTITUTE(G24," ","")))))} -> 0 | W24: =IF(SUBSTITUTE(K24," ","") = SUBSTITUTE(C24," ",""), 1, 0) -> 0 | X24: {=SUMPRODUCT(--(ISNUMBER(SEARCH({"0";"1";"2";"3";"4";"5";"6";"7";"8"},SUBSTITUTE(K24," ",""))) * ISNUMBER(SEARCH({"0";"1";"2";"3";"4";"5";"6";"7";"8"},SUBSTITUTE(C24," ","")))))} -> 0 | Y24: =IF(SUBSTITUTE(K24," ","") = SUBSTITUTE(I24," ",""), 1, 0) -> 0 | Z24: {=SUMPRODUCT(--(ISNUMBER(SEARCH({"0";"1";"2";"3";"4";"5";"6";"7";"8"},SUBSTITUTE(K24," ",""))) * ISNUMBER(SEARCH({"0";"1";"2";"3";"4";"5";"6";"7";"8"},SUBSTITUTE(I24," ","")))))} -> 0
A25: K0845 | B25: Knowledge of cyber intrusion activity phases | C25: 5, 7 | D25: 1 | G25: ='Sara Mappings'!C25 -> 4 | H25: =IF('Sara Mappings'!D25=0,"",'Sara Mappings'!D25) -> Network Defense | I25: ='Valtteri Mappings'!C25 -> 5 | J25: =IF('Valtteri Mappings'!D25=0,"",'Valtteri Mappings'!D25) | K25: ='Paul Mappings'!C25 -> 5 | L25: =IF('Paul Mappings'!D25=0,"",'Paul Mappings'!D25) -> IDS | O25: =IF(SUBSTITUTE(G25," ","") = SUBSTITUTE(I25," ",""), 1, 0) -> 0 | P25: {=SUMPRODUCT(--(ISNUMBER(SEARCH({"0";"1";"2";"3";"4";"5";"6";"7";"8"},SUBSTITUTE(G25," ",""))) * ISNUMBER(SEARCH({"0";"1";"2";"3";"4";"5";"6";"7";"8"},SUBSTITUTE(I25," ","")))))} -> 0 | Q25: =IF(SUBSTITUTE(C25," ","") = SUBSTITUTE(I25," ",""), 1, 0) -> 0 | R25: {=SUMPRODUCT(--(ISNUMBER(SEARCH({"0";"1";"2";"3";"4";"5";"6";"7";"8"},SUBSTITUTE(C25," ",""))) * ISNUMBER(SEARCH({"0";"1";"2";"3";"4";"5";"6";"7";"8"},SUBSTITUTE(I25," ","")))))} -> 1 | S25: =IF(SUBSTITUTE(C25," ","") = SUBSTITUTE(G25," ",""), 1, 0) -> 0 | T25: {=SUMPRODUCT(--(ISNUMBER(SEARCH({"0";"1";"2";"3";"4";"5";"6";"7";"8"},SUBSTITUTE(C25," ",""))) * ISNUMBER(SEARCH({"0";"1";"2";"3";"4";"5";"6";"7";"8"},SUBSTITUTE(G25," ","")))))} -> 0 | U25: =IF(SUBSTITUTE(K25," ","") = SUBSTITUTE(G25," ",""), 1, 0) -> 0 | V25: {=SUMPRODUCT(--(ISNUMBER(SEARCH({"0";"1";"2";"3";"4";"5";"6";"7";"8"},SUBSTITUTE(K25," ",""))) * ISNUMBER(SEARCH({"0";"1";"2";"3";"4";"5";"6";"7";"8"},SUBSTITUTE(G25," ","")))))} -> 0 | W25: =IF(SUBSTITUTE(K25," ","") = SUBSTITUTE(C25," ",""), 1, 0) -> 0 | X25: {=SUMPRODUCT(--(ISNUMBER(SEARCH({"0";"1";"2";"3";"4";"5";"6";"7";"8"},SUBSTITUTE(K25," ",""))) * ISNUMBER(SEARCH({"0";"1";"2";"3";"4";"5";"6";"7";"8"},SUBSTITUTE(C25," ","")))))} -> 1 | Y25: =IF(SUBSTITUTE(K25," ","") = SUBSTITUTE(I25," ",""), 1, 0) -> 1 | Z25: {=SUMPRODUCT(--(ISNUMBER(SEARCH({"0";"1";"2";"3";"4";"5";"6";"7";"8"},SUBSTITUTE(K25," ",""))) * ISNUMBER(SEARCH({"0";"1";"2";"3";"4";"5";"6";"7";"8"},SUBSTITUTE(I25," ","")))))} -> 1
A26: K0901 | B26: Knowledge of crisis management tools and techniques | C26: 7, 8 | D26: 1 | G26: ='Sara Mappings'!C26 -> 7 | H26: =IF('Sara Mappings'!D26=0,"",'Sara Mappings'!D26) -> Risk Management | I26: ='Valtteri Mappings'!C26 -> 7 | J26: =IF('Valtteri Mappings'!D26=0,"",'Valtteri Mappings'!D26) | K26: ='Paul Mappings'!C26 -> 7.6 | L26: =IF('Paul Mappings'!D26=0,"",'Paul Mappings'!D26) | O26: =IF(SUBSTITUTE(G26," ","") = SUBSTITUTE(I26," ",""), 1, 0) -> 1 | P26: {=SUMPRODUCT(--(ISNUMBER(SEARCH({"0";"1";"2";"3";"4";"5";"6";"7";"8"},SUBSTITUTE(G26," ",""))) * ISNUMBER(SEARCH({"0";"1";"2";"3";"4";"5";"6";"7";"8"},SUBSTITUTE(I26," ","")))))} -> 1 | Q26: =IF(SUBSTITUTE(C26," ","") = SUBSTITUTE(I26," ",""), 1, 0) -> 0 | R26: {=SUMPRODUCT(--(ISNUMBER(SEARCH({"0";"1";"2";"3";"4";"5";"6";"7";"8"},SUBSTITUTE(C26," ",""))) * ISNUMBER(SEARCH({"0";"1";"2";"3";"4";"5";"6";"7";"8"},SUBSTITUTE(I26," ","")))))} -> 1 | S26: =IF(SUBSTITUTE(C26," ","") = SUBSTITUTE(G26," ",""), 1, 0) -> 0 | T26: {=SUMPRODUCT(--(ISNUMBER(SEARCH({"0";"1";"2";"3";"4";"5";"6";"7";"8"},SUBSTITUTE(C26," ",""))) * ISNUMBER(SEARCH({"0";"1";"2";"3";"4";"5";"6";"7";"8"},SUBSTITUTE(G26," ","")))))} -> 1 | U26: =IF(SUBSTITUTE(K26," ","") = SUBSTITUTE(G26," ",""), 1, 0) -> 0 | V26: {=SUMPRODUCT(--(ISNUMBER(SEARCH({"0";"1";"2";"3";"4";"5";"6";"7";"8"},SUBSTITUTE(K26," ",""))) * ISNUMBER(SEARCH({"0";"1";"2";"3";"4";"5";"6";"7";"8"},SUBSTITUTE(G26," ","")))))} -> 1 | W26: =IF(SUBSTITUTE(K26," ","") = SUBSTITUTE(C26," ",""), 1, 0) -> 0 | X26: {=SUMPRODUCT(--(ISNUMBER(SEARCH({"0";"1";"2";"3";"4";"5";"6";"7";"8"},SUBSTITUTE(K26," ",""))) * ISNUMBER(SEARCH({"0";"1";"2";"3";"4";"5";"6";"7";"8"},SUBSTITUTE(C26," ","")))))} -> 1 | Y26: =IF(SUBSTITUTE(K26," ","") = SUBSTITUTE(I26," ",""), 1, 0) -> 0 | Z26: {=SUMPRODUCT(--(ISNUMBER(SEARCH({"0";"1";"2";"3";"4";"5";"6";"7";"8"},SUBSTITUTE(K26," ",""))) * ISNUMBER(SEARCH({"0";"1";"2";"3";"4";"5";"6";"7";"8"},SUBSTITUTE(I26," ","")))))} -> 1
A27: K0941 | B27: Knowledge of data concealment tools and techniques | C27: 1, 5 | D27: 1 | G27: ='Sara Mappings'!C27 -> 0 | H27: =IF('Sara Mappings'!D27=0,"",'Sara Mappings'!D27) -> Cyberspace Practice | I27: ='Valtteri Mappings'!C27 -> 1 | J27: =IF('Valtteri Mappings'!D27=0,"",'Valtteri Mappings'!D27) | K27: ='Paul Mappings'!C27 -> 1 | L27: =IF('Paul Mappings'!D27=0,"",'Paul Mappings'!D27) | O27: =IF(SUBSTITUTE(G27," ","") = SUBSTITUTE(I27," ",""), 1, 0) -> 0 | P27: {=SUMPRODUCT(--(ISNUMBER(SEARCH({"0";"1";"2";"3";"4";"5";"6";"7";"8"},SUBSTITUTE(G27," ",""))) * ISNUMBER(SEARCH({"0";"1";"2";"3";"4";"5";"6";"7";"8"},SUBSTITUTE(I27," ","")))))} -> 0 | Q27: =IF(SUBSTITUTE(C27," ","") = SUBSTITUTE(I27," ",""), 1, 0) -> 0 | R27: {=SUMPRODUCT(--(ISNUMBER(SEARCH({"0";"1";"2";"3";"4";"5";"6";"7";"8"},SUBSTITUTE(C27," ",""))) * ISNUMBER(SEARCH({"0";"1";"2";"3";"4";"5";"6";"7";"8"},SUBSTITUTE(I27," ","")))))} -> 1 | S27: =IF(SUBSTITUTE(C27," ","") = SUBSTITUTE(G27," ",""), 1, 0) -> 0 | T27: {=SUMPRODUCT(--(ISNUMBER(SEARCH({"0";"1";"2";"3";"4";"5";"6";"7";"8"},SUBSTITUTE(C27," ",""))) * ISNUMBER(SEARCH({"0";"1";"2";"3";"4";"5";"6";"7";"8"},SUBSTITUTE(G27," ","")))))} -> 0 | U27: =IF(SUBSTITUTE(K27," ","") = SUBSTITUTE(G27," ",""), 1, 0) -> 0 | V27: {=SUMPRODUCT(--(ISNUMBER(SEARCH({"0";"1";"2";"3";"4";"5";"6";"7";"8"},SUBSTITUTE(K27," ",""))) * ISNUMBER(SEARCH({"0";"1";"2";"3";"4";"5";"6";"7";"8"},SUBSTITUTE(G27," ","")))))} -> 0 | W27: =IF(SUBSTITUTE(K27," ","") = SUBSTITUTE(C27," ",""), 1, 0) -> 0 | X27: {=SUMPRODUCT(--(ISNUMBER(SEARCH({"0";"1";"2";"3";"4";"5";"6";"7";"8"},SUBSTITUTE(K27," ",""))) * ISNUMBER(SEARCH({"0";"1";"2";"3";"4";"5";"6";"7";"8"},SUBSTITUTE(C27," ","")))))} -> 1 | Y27: =IF(SUBSTITUTE(K27," ","") = SUBSTITUTE(I27," ",""), 1, 0) -> 1 | Z27: {=SUMPRODUCT(--(ISNUMBER(SEARCH({"0";"1";"2";"3";"4";"5";"6";"7";"8"},SUBSTITUTE(K27," ",""))) * ISNUMBER(SEARCH({"0";"1";"2";"3";"4";"5";"6";"7";"8"},SUBSTITUTE(I27," ","")))))} -> 1
A28: K0948 | B28: Knowledge of embedded systems and software | C28: 0, 3, 5 | D28: 1 | G28: ='Sara Mappings'!C28 -> 0 | H28: =IF('Sara Mappings'!D28=0,"",'Sara Mappings'!D28) -> cs | I28: ='Valtteri Mappings'!C28 -> 0 | J28: =IF('Valtteri Mappings'!D28=0,"",'Valtteri Mappings'!D28) | K28: ='Paul Mappings'!C28 -> 2.5 | L28: =IF('Paul Mappings'!D28=0,"",'Paul Mappings'!D28) | O28: =IF(SUBSTITUTE(G28," ","") = SUBSTITUTE(I28," ",""), 1, 0) -> 1 | P28: {=SUMPRODUCT(--(ISNUMBER(SEARCH({"0";"1";"2";"3";"4";"5";"6";"7";"8"},SUBSTITUTE(G28," ",""))) * ISNUMBER(SEARCH({"0";"1";"2";"3";"4";"5";"6";"7";"8"},SUBSTITUTE(I28," ","")))))} -> 1 | Q28: =IF(SUBSTITUTE(C28," ","") = SUBSTITUTE(I28," ",""), 1, 0) -> 0 | R28: {=SUMPRODUCT(--(ISNUMBER(SEARCH({"0";"1";"2";"3";"4";"5";"6";"7";"8"},SUBSTITUTE(C28," ",""))) * ISNUMBER(SEARCH({"0";"1";"2";"3";"4";"5";"6";"7";"8"},SUBSTITUTE(I28," ","")))))} -> 1 | S28: =IF(SUBSTITUTE(C28," ","") = SUBSTITUTE(G28," ",""), 1, 0) -> 0 | T28: {=SUMPRODUCT(--(ISNUMBER(SEARCH({"0";"1";"2";"3";"4";"5";"6";"7";"8"},SUBSTITUTE(C28," ",""))) * ISNUMBER(SEARCH({"0";"1";"2";"3";"4";"5";"6";"7";"8"},SUBSTITUTE(G28," ","")))))} -> 1 | U28: =IF(SUBSTITUTE(K28," ","") = SUBSTITUTE(G28," ",""), 1, 0) -> 0 | V28: {=SUMPRODUCT(--(ISNUMBER(SEARCH({"0";"1";"2";"3";"4";"5";"6";"7";"8"},SUBSTITUTE(K28," ",""))) * ISNUMBER(SEARCH({"0";"1";"2";"3";"4";"5";"6";"7";"8"},SUBSTITUTE(G28," ","")))))} -> 0 | W28: =IF(SUBSTITUTE(K28," ","") = SUBSTITUTE(C28," ",""), 1, 0) -> 0 | X28: {=SUMPRODUCT(--(ISNUMBER(SEARCH({"0";"1";"2";"3";"4";"5";"6";"7";"8"},SUBSTITUTE(K28," ",""))) * ISNUMBER(SEARCH({"0";"1";"2";"3";"4";"5";"6";"7";"8"},SUBSTITUTE(C28," ","")))))} -> 1 | Y28: =IF(SUBSTITUTE(K28," ","") = SUBSTITUTE(I28," ",""), 1, 0) -> 0 | Z28: {=SUMPRODUCT(--(ISNUMBER(SEARCH({"0";"1";"2";"3";"4";"5";"6";"7";"8"},SUBSTITUTE(K28," ",""))) * ISNUMBER(SEARCH({"0";"1";"2";"3";"4";"5";"6";"7";"8"},SUBSTITUTE(I28," ","")))))} -> 0
A29: K0980 | B29: Knowledge of intelligence collection sources | C29: 0 | D29: 1 | G29: ='Sara Mappings'!C29 -> 0 | H29: =IF('Sara Mappings'!D29=0,"",'Sara Mappings'!D29) -> Cyberspace Practice | I29: ='Valtteri Mappings'!C29 -> 0 | J29: =IF('Valtteri Mappings'!D29=0,"",'Valtteri Mappings'!D29) -> Intelligence | K29: ='Paul Mappings'!C29 -> 7 | L29: =IF('Paul Mappings'!D29=0,"",'Paul Mappings'!D29) | O29: =IF(SUBSTITUTE(G29," ","") = SUBSTITUTE(I29," ",""), 1, 0) -> 1 | P29: {=SUMPRODUCT(--(ISNUMBER(SEARCH({"0";"1";"2";"3";"4";"5";"6";"7";"8"},SUBSTITUTE(G29," ",""))) * ISNUMBER(SEARCH({"0";"1";"2";"3";"4";"5";"6";"7";"8"},SUBSTITUTE(I29," ","")))))} -> 1 | Q29: =IF(SUBSTITUTE(C29," ","") = SUBSTITUTE(I29," ",""), 1, 0) -> 1 | R29: {=SUMPRODUCT(--(ISNUMBER(SEARCH({"0";"1";"2";"3";"4";"5";"6";"7";"8"},SUBSTITUTE(C29," ",""))) * ISNUMBER(SEARCH({"0";"1";"2";"3";"4";"5";"6";"7";"8"},SUBSTITUTE(I29," ","")))))} -> 1 | S29: =IF(SUBSTITUTE(C29," ","") = SUBSTITUTE(G29," ",""), 1, 0) -> 1 | T29: {=SUMPRODUCT(--(ISNUMBER(SEARCH({"0";"1";"2";"3";"4";"5";"6";"7";"8"},SUBSTITUTE(C29," ",""))) * ISNUMBER(SEARCH({"0";"1";"2";"3";"4";"5";"6";"7";"8"},SUBSTITUTE(G29," ","")))))} -> 1 | U29: =IF(SUBSTITUTE(K29," ","") = SUBSTITUTE(G29," ",""), 1, 0) -> 0 | V29: {=SUMPRODUCT(--(ISNUMBER(SEARCH({"0";"1";"2";"3";"4";"5";"6";"7";"8"},SUBSTITUTE(K29," ",""))) * ISNUMBER(SEARCH({"0";"1";"2";"3";"4";"5";"6";"7";"8"},SUBSTITUTE(G29," ","")))))} -> 0 | W29: =IF(SUBSTITUTE(K29," ","") = SUBSTITUTE(C29," ",""), 1, 0) -> 0 | X29: {=SUMPRODUCT(--(ISNUMBER(SEARCH({"0";"1";"2";"3";"4";"5";"6";"7";"8"},SUBSTITUTE(K29," ",""))) * ISNUMBER(SEARCH({"0";"1";"2";"3";"4";"5";"6";"7";"8"},SUBSTITUTE(C29," ","")))))} -> 0 | Y29: =IF(SUBSTITUTE(K29," ","") = SUBSTITUTE(I29," ",""), 1, 0) -> 0 | Z29: {=SUMPRODUCT(--(ISNUMBER(SEARCH({"0";"1";"2";"3";"4";"5";"6";"7";"8"},SUBSTITUTE(K29," ",""))) * ISNUMBER(SEARCH({"0";"1";"2";"3";"4";"5";"6";"7";"8"},SUBSTITUTE(I29," ","")))))} -> 0
A30: K0986 | B30: Knowledge of target selection criticality factors | C30: 0, 7 | D30: 1 | G30: ='Sara Mappings'!C30 -> 0 | H30: =IF('Sara Mappings'!D30=0,"",'Sara Mappings'!D30) -> Cyberspace Practice | I30: ='Valtteri Mappings'!C30 -> 7 | J30: =IF('Valtteri Mappings'!D30=0,"",'Valtteri Mappings'!D30) | K30: ='Paul Mappings'!C30 -> 7 | L30: =IF('Paul Mappings'!D30=0,"",'Paul Mappings'!D30) -> incident management | O30: =IF(SUBSTITUTE(G30," ","") = SUBSTITUTE(I30," ",""), 1, 0) -> 0 | P30: {=SUMPRODUCT(--(ISNUMBER(SEARCH({"0";"1";"2";"3";"4";"5";"6";"7";"8"},SUBSTITUTE(G30," ",""))) * ISNUMBER(SEARCH({"0";"1";"2";"3";"4";"5";"6";"7";"8"},SUBSTITUTE(I30," ","")))))} -> 0 | Q30: =IF(SUBSTITUTE(C30," ","") = SUBSTITUTE(I30," ",""), 1, 0) -> 0 | R30: {=SUMPRODUCT(--(ISNUMBER(SEARCH({"0";"1";"2";"3";"4";"5";"6";"7";"8"},SUBSTITUTE(C30," ",""))) * ISNUMBER(SEARCH({"0";"1";"2";"3";"4";"5";"6";"7";"8"},SUBSTITUTE(I30," ","")))))} -> 1 | S30: =IF(SUBSTITUTE(C30," ","") = SUBSTITUTE(G30," ",""), 1, 0) -> 0 | T30: {=SUMPRODUCT(--(ISNUMBER(SEARCH({"0";"1";"2";"3";"4";"5";"6";"7";"8"},SUBSTITUTE(C30," ",""))) * ISNUMBER(SEARCH({"0";"1";"2";"3";"4";"5";"6";"7";"8"},SUBSTITUTE(G30," ","")))))} -> 1 | U30: =IF(SUBSTITUTE(K30," ","") = SUBSTITUTE(G30," ",""), 1, 0) -> 0 | V30: {=SUMPRODUCT(--(ISNUMBER(SEARCH({"0";"1";"2";"3";"4";"5";"6";"7";"8"},SUBSTITUTE(K30," ",""))) * ISNUMBER(SEARCH({"0";"1";"2";"3";"4";"5";"6";"7";"8"},SUBSTITUTE(G30," ","")))))} -> 0 | W30: =IF(SUBSTITUTE(K30," ","") = SUBSTITUTE(C30," ",""), 1, 0) -> 0 | X30: {=SUMPRODUCT(--(ISNUMBER(SEARCH({"0";"1";"2";"3";"4";"5";"6";"7";"8"},SUBSTITUTE(K30," ",""))) * ISNUMBER(SEARCH({"0";"1";"2";"3";"4";"5";"6";"7";"8"},SUBSTITUTE(C30," ","")))))} -> 1 | Y30: =IF(SUBSTITUTE(K30," ","") = SUBSTITUTE(I30," ",""), 1, 0) -> 1 | Z30: {=SUMPRODUCT(--(ISNUMBER(SEARCH({"0";"1";"2";"3";"4";"5";"6";"7";"8"},SUBSTITUTE(K30," ",""))) * ISNUMBER(SEARCH({"0";"1";"2";"3";"4";"5";"6";"7";"8"},SUBSTITUTE(I30," ","")))))} -> 1
A31: K1085 | B31: Knowledge of exploitation tools and techniques | C31: 2, 5, 7 | D31: 0 | E31: 1 | G31: ='Sara Mappings'!C31 -> 0 | H31: =IF('Sara Mappings'!D31=0,"",'Sara Mappings'!D31) -> Cyberspace Practice | I31: ='Valtteri Mappings'!C31 -> 5 | J31: =IF('Valtteri Mappings'!D31=0,"",'Valtteri Mappings'!D31) | K31: ='Paul Mappings'!C31 -> 1 | L31: =IF('Paul Mappings'!D31=0,"",'Paul Mappings'!D31) -> digital forensic tools and investigatory process | O31: =IF(SUBSTITUTE(G31," ","") = SUBSTITUTE(I31," ",""), 1, 0) -> 0 | P31: {=SUMPRODUCT(--(ISNUMBER(SEARCH({"0";"1";"2";"3";"4";"5";"6";"7";"8"},SUBSTITUTE(G31," ",""))) * ISNUMBER(SEARCH({"0";"1";"2";"3";"4";"5";"6";"7";"8"},SUBSTITUTE(I31," ","")))))} -> 0 | Q31: =IF(SUBSTITUTE(C31," ","") = SUBSTITUTE(I31," ",""), 1, 0) -> 0 | R31: {=SUMPRODUCT(--(ISNUMBER(SEARCH({"0";"1";"2";"3";"4";"5";"6";"7";"8"},SUBSTITUTE(C31," ",""))) * ISNUMBER(SEARCH({"0";"1";"2";"3";"4";"5";"6";"7";"8"},SUBSTITUTE(I31," ","")))))} -> 1 | S31: =IF(SUBSTITUTE(C31," ","") = SUBSTITUTE(G31," ",""), 1, 0) -> 0 | T31: {=SUMPRODUCT(--(ISNUMBER(SEARCH({"0";"1";"2";"3";"4";"5";"6";"7";"8"},SUBSTITUTE(C31," ",""))) * ISNUMBER(SEARCH({"0";"1";"2";"3";"4";"5";"6";"7";"8"},SUBSTITUTE(G31," ","")))))} -> 0 | U31: =IF(SUBSTITUTE(K31," ","") = SUBSTITUTE(G31," ",""), 1, 0) -> 0 | V31: {=SUMPRODUCT(--(ISNUMBER(SEARCH({"0";"1";"2";"3";"4";"5";"6";"7";"8"},SUBSTITUTE(K31," ",""))) * ISNUMBER(SEARCH({"0";"1";"2";"3";"4";"5";"6";"7";"8"},SUBSTITUTE(G31," ","")))))} -> 0 | W31: =IF(SUBSTITUTE(K31," ","") = SUBSTITUTE(C31," ",""), 1, 0) -> 0 | X31: {=SUMPRODUCT(--(ISNUMBER(SEARCH({"0";"1";"2";"3";"4";"5";"6";"7";"8"},SUBSTITUTE(K31," ",""))) * ISNUMBER(SEARCH({"0";"1";"2";"3";"4";"5";"6";"7";"8"},SUBSTITUTE(C31," ","")))))} -> 0 | Y31: =IF(SUBSTITUTE(K31," ","") = SUBSTITUTE(I31," ",""), 1, 0) -> 0 | Z31: {=SUMPRODUCT(--(ISNUMBER(SEARCH({"0";"1";"2";"3";"4";"5";"6";"7";"8"},SUBSTITUTE(K31," ",""))) * ISNUMBER(SEARCH({"0";"1";"2";"3";"4";"5";"6";"7";"8"},SUBSTITUTE(I31," ","")))))} -> 0
A32: K1124 | B32: Knowledge of continuous monitoring scoring and grading metrics | C32: 7 | D32: 0 | G32: ='Sara Mappings'!C32 -> 0 | H32: =IF('Sara Mappings'!D32=0,"",'Sara Mappings'!D32) -> pedagogy | I32: ='Valtteri Mappings'!C32 -> 5 | J32: =IF('Valtteri Mappings'!D32=0,"",'Valtteri Mappings'!D32) | K32: ='Paul Mappings'!C32 -> 5 | L32: =IF('Paul Mappings'!D32=0,"",'Paul Mappings'!D32) | O32: =IF(SUBSTITUTE(G32," ","") = SUBSTITUTE(I32," ",""), 1, 0) -> 0 | P32: {=SUMPRODUCT(--(ISNUMBER(SEARCH({"0";"1";"2";"3";"4";"5";"6";"7";"8"},SUBSTITUTE(G32," ",""))) * ISNUMBER(SEARCH({"0";"1";"2";"3";"4";"5";"6";"7";"8"},SUBSTITUTE(I32," ","")))))} -> 0 | Q32: =IF(SUBSTITUTE(C32," ","") = SUBSTITUTE(I32," ",""), 1, 0) -> 0 | R32: {=SUMPRODUCT(--(ISNUMBER(SEARCH({"0";"1";"2";"3";"4";"5";"6";"7";"8"},SUBSTITUTE(C32," ",""))) * ISNUMBER(SEARCH({"0";"1";"2";"3";"4";"5";"6";"7";"8"},SUBSTITUTE(I32," ","")))))} -> 0 | S32: =IF(SUBSTITUTE(C32," ","") = SUBSTITUTE(G32," ",""), 1, 0) -> 0 | T32: {=SUMPRODUCT(--(ISNUMBER(SEARCH({"0";"1";"2";"3";"4";"5";"6";"7";"8"},SUBSTITUTE(C32," ",""))) * ISNUMBER(SEARCH({"0";"1";"2";"3";"4";"5";"6";"7";"8"},SUBSTITUTE(G32," ","")))))} -> 0 | U32: =IF(SUBSTITUTE(K32," ","") = SUBSTITUTE(G32," ",""), 1, 0) -> 0 | V32: {=SUMPRODUCT(--(ISNUMBER(SEARCH({"0";"1";"2";"3";"4";"5";"6";"7";"8"},SUBSTITUTE(K32," ",""))) * ISNUMBER(SEARCH({"0";"1";"2";"3";"4";"5";"6";"7";"8"},SUBSTITUTE(G32," ","")))))} -> 0 | W32: =IF(SUBSTITUTE(K32," ","") = SUBSTITUTE(C32," ",""), 1, 0) -> 0 | X32: {=SUMPRODUCT(--(ISNUMBER(SEARCH({"0";"1";"2";"3";"4";"5";"6";"7";"8"},SUBSTITUTE(K32," ",""))) * ISNUMBER(SEARCH({"0";"1";"2";"3";"4";"5";"6";"7";"8"},SUBSTITUTE(C32," ","")))))} -> 0 | Y32: =IF(SUBSTITUTE(K32," ","") = SUBSTITUTE(I32," ",""), 1, 0) -> 1 | Z32: {=SUMPRODUCT(--(ISNUMBER(SEARCH({"0";"1";"2";"3";"4";"5";"6";"7";"8"},SUBSTITUTE(K32," ",""))) * ISNUMBER(SEARCH({"0";"1";"2";"3";"4";"5";"6";"7";"8"},SUBSTITUTE(I32," ","")))))} -> 1
A33: K1126 | B33: Knowledge of cost constraints | C33: 0, 7 | D33: 1 | G33: ='Sara Mappings'!C33 -> 7 | H33: =IF('Sara Mappings'!D33=0,"",'Sara Mappings'!D33) | I33: ='Valtteri Mappings'!C33 -> 0 | J33: =IF('Valtteri Mappings'!D33=0,"",'Valtteri Mappings'!D33) | K33: ='Paul Mappings'!C33 -> 7 | L33: =IF('Paul Mappings'!D33=0,"",'Paul Mappings'!D33) -> or 0 cyberspace practice | O33: =IF(SUBSTITUTE(G33," ","") = SUBSTITUTE(I33," ",""), 1, 0) -> 0 | P33: {=SUMPRODUCT(--(ISNUMBER(SEARCH({"0";"1";"2";"3";"4";"5";"6";"7";"8"},SUBSTITUTE(G33," ",""))) * ISNUMBER(SEARCH({"0";"1";"2";"3";"4";"5";"6";"7";"8"},SUBSTITUTE(I33," ","")))))} -> 0 | Q33: =IF(SUBSTITUTE(C33," ","") = SUBSTITUTE(I33," ",""), 1, 0) -> 0 | R33: {=SUMPRODUCT(--(ISNUMBER(SEARCH({"0";"1";"2";"3";"4";"5";"6";"7";"8"},SUBSTITUTE(C33," ",""))) * ISNUMBER(SEARCH({"0";"1";"2";"3";"4";"5";"6";"7";"8"},SUBSTITUTE(I33," ","")))))} -> 1 | S33: =IF(SUBSTITUTE(C33," ","") = SUBSTITUTE(G33," ",""), 1, 0) -> 0 | T33: {=SUMPRODUCT(--(ISNUMBER(SEARCH({"0";"1";"2";"3";"4";"5";"6";"7";"8"},SUBSTITUTE(C33," ",""))) * ISNUMBER(SEARCH({"0";"1";"2";"3";"4";"5";"6";"7";"8"},SUBSTITUTE(G33," ","")))))} -> 1 | U33: =IF(SUBSTITUTE(K33," ","") = SUBSTITUTE(G33," ",""), 1, 0) -> 1 | V33: {=SUMPRODUCT(--(ISNUMBER(SEARCH({"0";"1";"2";"3";"4";"5";"6";"7";"8"},SUBSTITUTE(K33," ",""))) * ISNUMBER(SEARCH({"0";"1";"2";"3";"4";"5";"6";"7";"8"},SUBSTITUTE(G33," ","")))))} -> 1 | W33: =IF(SUBSTITUTE(K33," ","") = SUBSTITUTE(C33," ",""), 1, 0) -> 0 | X33: {=SUMPRODUCT(--(ISNUMBER(SEARCH({"0";"1";"2";"3";"4";"5";"6";"7";"8"},SUBSTITUTE(K33," ",""))) * ISNUMBER(SEARCH({"0";"1";"2";"3";"4";"5";"6";"7";"8"},SUBSTITUTE(C33," ","")))))} -> 1 | Y33: =IF(SUBSTITUTE(K33," ","") = SUBSTITUTE(I33," ",""), 1, 0) -> 0 | Z33: {=SUMPRODUCT(--(ISNUMBER(SEARCH({"0";"1";"2";"3";"4";"5";"6";"7";"8"},SUBSTITUTE(K33," ",""))) * ISNUMBER(SEARCH({"0";"1";"2";"3";"4";"5";"6";"7";"8"},SUBSTITUTE(I33," ","")))))} -> 0
A34: K1138 | B34: Knowledge of cybersecurity standards and best practices | C34: 7 | D34: 0 | G34: ='Sara Mappings'!C34 -> 0 | H34: =IF('Sara Mappings'!D34=0,"",'Sara Mappings'!D34) -> Cyberspace Practice | I34: ='Valtteri Mappings'!C34 -> 7 | J34: =IF('Valtteri Mappings'!D34=0,"",'Valtteri Mappings'!D34) | K34: ='Paul Mappings'!C34 -> 0 | L34: =IF('Paul Mappings'!D34=0,"",'Paul Mappings'!D34) -> cybersecurity practice | O34: =IF(SUBSTITUTE(G34," ","") = SUBSTITUTE(I34," ",""), 1, 0) -> 0 | P34: {=SUMPRODUCT(--(ISNUMBER(SEARCH({"0";"1";"2";"3";"4";"5";"6";"7";"8"},SUBSTITUTE(G34," ",""))) * ISNUMBER(SEARCH({"0";"1";"2";"3";"4";"5";"6";"7";"8"},SUBSTITUTE(I34," ","")))))} -> 0 | Q34: =IF(SUBSTITUTE(C34," ","") = SUBSTITUTE(I34," ",""), 1, 0) -> 1 | R34: {=SUMPRODUCT(--(ISNUMBER(SEARCH({"0";"1";"2";"3";"4";"5";"6";"7";"8"},SUBSTITUTE(C34," ",""))) * ISNUMBER(SEARCH({"0";"1";"2";"3";"4";"5";"6";"7";"8"},SUBSTITUTE(I34," ","")))))} -> 1 | S34: =IF(SUBSTITUTE(C34," ","") = SUBSTITUTE(G34," ",""), 1, 0) -> 0 | T34: {=SUMPRODUCT(--(ISNUMBER(SEARCH({"0";"1";"2";"3";"4";"5";"6";"7";"8"},SUBSTITUTE(C34," ",""))) * ISNUMBER(SEARCH({"0";"1";"2";"3";"4";"5";"6";"7";"8"},SUBSTITUTE(G34," ","")))))} -> 0 | U34: =IF(SUBSTITUTE(K34," ","") = SUBSTITUTE(G34," ",""), 1, 0) -> 1 | V34: {=SUMPRODUCT(--(ISNUMBER(SEARCH({"0";"1";"2";"3";"4";"5";"6";"7";"8"},SUBSTITUTE(K34," ",""))) * ISNUMBER(SEARCH({"0";"1";"2";"3";"4";"5";"6";"7";"8"},SUBSTITUTE(G34," ","")))))} -> 1 | W34: =IF(SUBSTITUTE(K34," ","") = SUBSTITUTE(C34," ",""), 1, 0) -> 0 | X34: {=SUMPRODUCT(--(ISNUMBER(SEARCH({"0";"1";"2";"3";"4";"5";"6";"7";"8"},SUBSTITUTE(K34," ",""))) * ISNUMBER(SEARCH({"0";"1";"2";"3";"4";"5";"6";"7";"8"},SUBSTITUTE(C34," ","")))))} -> 0 | Y34: =IF(SUBSTITUTE(K34," ","") = SUBSTITUTE(I34," ",""), 1, 0) -> 0 | Z34: {=SUMPRODUCT(--(ISNUMBER(SEARCH({"0";"1";"2";"3";"4";"5";"6";"7";"8"},SUBSTITUTE(K34," ",""))) * ISNUMBER(SEARCH({"0";"1";"2";"3";"4";"5";"6";"7";"8"},SUBSTITUTE(I34," ","")))))} -> 0
A35: K1145 | B35: Knowledge of data encryption practices and principles | C35: 1 | D35: 1 | G35: ='Sara Mappings'!C35 -> 1 | H35: =IF('Sara Mappings'!D35=0,"",'Sara Mappings'!D35) | I35: ='Valtteri Mappings'!C35 -> 1 | J35: =IF('Valtteri Mappings'!D35=0,"",'Valtteri Mappings'!D35) | K35: ='Paul Mappings'!C35 -> 1 | L35: =IF('Paul Mappings'!D35=0,"",'Paul Mappings'!D35) -> low level interpretation. Could be component, system,… | O35: =IF(SUBSTITUTE(G35," ","") = SUBSTITUTE(I35," ",""), 1, 0) -> 1 | P35: {=SUMPRODUCT(--(ISNUMBER(SEARCH({"0";"1";"2";"3";"4";"5";"6";"7";"8"},SUBSTITUTE(G35," ",""))) * ISNUMBER(SEARCH({"0";"1";"2";"3";"4";"5";"6";"7";"8"},SUBSTITUTE(I35," ","")))))} -> 1 | Q35: =IF(SUBSTITUTE(C35," ","") = SUBSTITUTE(I35," ",""), 1, 0) -> 1 | R35: {=SUMPRODUCT(--(ISNUMBER(SEARCH({"0";"1";"2";"3";"4";"5";"6";"7";"8"},SUBSTITUTE(C35," ",""))) * ISNUMBER(SEARCH({"0";"1";"2";"3";"4";"5";"6";"7";"8"},SUBSTITUTE(I35," ","")))))} -> 1 | S35: =IF(SUBSTITUTE(C35," ","") = SUBSTITUTE(G35," ",""), 1, 0) -> 1 | T35: {=SUMPRODUCT(--(ISNUMBER(SEARCH({"0";"1";"2";"3";"4";"5";"6";"7";"8"},SUBSTITUTE(C35," ",""))) * ISNUMBER(SEARCH({"0";"1";"2";"3";"4";"5";"6";"7";"8"},SUBSTITUTE(G35," ","")))))} -> 1 | U35: =IF(SUBSTITUTE(K35," ","") = SUBSTITUTE(G35," ",""), 1, 0) -> 1 | V35: {=SUMPRODUCT(--(ISNUMBER(SEARCH({"0";"1";"2";"3";"4";"5";"6";"7";"8"},SUBSTITUTE(K35," ",""))) * ISNUMBER(SEARCH({"0";"1";"2";"3";"4";"5";"6";"7";"8"},SUBSTITUTE(G35," ","")))))} -> 1 | W35: =IF(SUBSTITUTE(K35," ","") = SUBSTITUTE(C35," ",""), 1, 0) -> 1 | X35: {=SUMPRODUCT(--(ISNUMBER(SEARCH({"0";"1";"2";"3";"4";"5";"6";"7";"8"},SUBSTITUTE(K35," ",""))) * ISNUMBER(SEARCH({"0";"1";"2";"3";"4";"5";"6";"7";"8"},SUBSTITUTE(C35," ","")))))} -> 1 | Y35: =IF(SUBSTITUTE(K35," ","") = SUBSTITUTE(I35," ",""), 1, 0) -> 1 | Z35: {=SUMPRODUCT(--(ISNUMBER(SEARCH({"0";"1";"2";"3";"4";"5";"6";"7";"8"},SUBSTITUTE(K35," ",""))) * ISNUMBER(SEARCH({"0";"1";"2";"3";"4";"5";"6";"7";"8"},SUBSTITUTE(I35," ","")))))} -> 1
A36: K1175 | B36: Knowledge of network monitoring tools and techniques | C36: 0 | D36: 0 | G36: ='Sara Mappings'!C36 -> 4 | H36: =IF('Sara Mappings'!D36=0,"",'Sara Mappings'!D36) -> Network Defense | I36: ='Valtteri Mappings'!C36 -> 4 | J36: =IF('Valtteri Mappings'!D36=0,"",'Valtteri Mappings'!D36) | K36: ='Paul Mappings'!C36 -> 4 | L36: =IF('Paul Mappings'!D36=0,"",'Paul Mappings'!D36) | O36: =IF(SUBSTITUTE(G36," ","") = SUBSTITUTE(I36," ",""), 1, 0) -> 1 | P36: {=SUMPRODUCT(--(ISNUMBER(SEARCH({"0";"1";"2";"3";"4";"5";"6";"7";"8"},SUBSTITUTE(G36," ",""))) * ISNUMBER(SEARCH({"0";"1";"2";"3";"4";"5";"6";"7";"8"},SUBSTITUTE(I36," ","")))))} -> 1 | Q36: =IF(SUBSTITUTE(C36," ","") = SUBSTITUTE(I36," ",""), 1, 0) -> 0 | R36: {=SUMPRODUCT(--(ISNUMBER(SEARCH({"0";"1";"2";"3";"4";"5";"6";"7";"8"},SUBSTITUTE(C36," ",""))) * ISNUMBER(SEARCH({"0";"1";"2";"3";"4";"5";"6";"7";"8"},SUBSTITUTE(I36," ","")))))} -> 0 | S36: =IF(SUBSTITUTE(C36," ","") = SUBSTITUTE(G36," ",""), 1, 0) -> 0 | T36: {=SUMPRODUCT(--(ISNUMBER(SEARCH({"0";"1";"2";"3";"4";"5";"6";"7";"8"},SUBSTITUTE(C36," ",""))) * ISNUMBER(SEARCH({"0";"1";"2";"3";"4";"5";"6";"7";"8"},SUBSTITUTE(G36," ","")))))} -> 0 | U36: =IF(SUBSTITUTE(K36," ","") = SUBSTITUTE(G36," ",""), 1, 0) -> 1 | V36: {=SUMPRODUCT(--(ISNUMBER(SEARCH({"0";"1";"2";"3";"4";"5";"6";"7";"8"},SUBSTITUTE(K36," ",""))) * ISNUMBER(SEARCH({"0";"1";"2";"3";"4";"5";"6";"7";"8"},SUBSTITUTE(G36," ","")))))} -> 1 | W36: =IF(SUBSTITUTE(K36," ","") = SUBSTITUTE(C36," ",""), 1, 0) -> 0 | X36: {=SUMPRODUCT(--(ISNUMBER(SEARCH({"0";"1";"2";"3";"4";"5";"6";"7";"8"},SUBSTITUTE(K36," ",""))) * ISNUMBER(SEARCH({"0";"1";"2";"3";"4";"5";"6";"7";"8"},SUBSTITUTE(C36," ","")))))} -> 0 | Y36: =IF(SUBSTITUTE(K36," ","") = SUBSTITUTE(I36," ",""), 1, 0) -> 1 | Z36: {=SUMPRODUCT(--(ISNUMBER(SEARCH({"0";"1";"2";"3";"4";"5";"6";"7";"8"},SUBSTITUTE(K36," ",""))) * ISNUMBER(SEARCH({"0";"1";"2";"3";"4";"5";"6";"7";"8"},SUBSTITUTE(I36," ","")))))} -> 1
A37: K1191 | B37: Knowledge of organizational security posture | C37: 7 | D37: 1 | G37: ='Sara Mappings'!C37 -> 7 | H37: =IF('Sara Mappings'!D37=0,"",'Sara Mappings'!D37) | I37: ='Valtteri Mappings'!C37 -> 7 | J37: =IF('Valtteri Mappings'!D37=0,"",'Valtteri Mappings'!D37) | K37: ='Paul Mappings'!C37 -> 7 | L37: =IF('Paul Mappings'!D37=0,"",'Paul Mappings'!D37) | O37: =IF(SUBSTITUTE(G37," ","") = SUBSTITUTE(I37," ",""), 1, 0) -> 1 | P37: {=SUMPRODUCT(--(ISNUMBER(SEARCH({"0";"1";"2";"3";"4";"5";"6";"7";"8"},SUBSTITUTE(G37," ",""))) * ISNUMBER(SEARCH({"0";"1";"2";"3";"4";"5";"6";"7";"8"},SUBSTITUTE(I37," ","")))))} -> 1 | Q37: =IF(SUBSTITUTE(C37," ","") = SUBSTITUTE(I37," ",""), 1, 0) -> 1 | R37: {=SUMPRODUCT(--(ISNUMBER(SEARCH({"0";"1";"2";"3";"4";"5";"6";"7";"8"},SUBSTITUTE(C37," ",""))) * ISNUMBER(SEARCH({"0";"1";"2";"3";"4";"5";"6";"7";"8"},SUBSTITUTE(I37," ","")))))} -> 1 | S37: =IF(SUBSTITUTE(C37," ","") = SUBSTITUTE(G37," ",""), 1, 0) -> 1 | T37: {=SUMPRODUCT(--(ISNUMBER(SEARCH({"0";"1";"2";"3";"4";"5";"6";"7";"8"},SUBSTITUTE(C37," ",""))) * ISNUMBER(SEARCH({"0";"1";"2";"3";"4";"5";"6";"7";"8"},SUBSTITUTE(G37," ","")))))} -> 1 | U37: =IF(SUBSTITUTE(K37," ","") = SUBSTITUTE(G37," ",""), 1, 0) -> 1 | V37: {=SUMPRODUCT(--(ISNUMBER(SEARCH({"0";"1";"2";"3";"4";"5";"6";"7";"8"},SUBSTITUTE(K37," ",""))) * ISNUMBER(SEARCH({"0";"1";"2";"3";"4";"5";"6";"7";"8"},SUBSTITUTE(G37," ","")))))} -> 1 | W37: =IF(SUBSTITUTE(K37," ","") = SUBSTITUTE(C37," ",""), 1, 0) -> 1 | X37: {=SUMPRODUCT(--(ISNUMBER(SEARCH({"0";"1";"2";"3";"4";"5";"6";"7";"8"},SUBSTITUTE(K37," ",""))) * ISNUMBER(SEARCH({"0";"1";"2";"3";"4";"5";"6";"7";"8"},SUBSTITUTE(C37," ","")))))} -> 1 | Y37: =IF(SUBSTITUTE(K37," ","") = SUBSTITUTE(I37," ",""), 1, 0) -> 1 | Z37: {=SUMPRODUCT(--(ISNUMBER(SEARCH({"0";"1";"2";"3";"4";"5";"6";"7";"8"},SUBSTITUTE(K37," ",""))) * ISNUMBER(SEARCH({"0";"1";"2";"3";"4";"5";"6";"7";"8"},SUBSTITUTE(I37," ","")))))} -> 1
A38: K1193 | B38: Knowledge of packet analysis tools and techniques | C38: 0, 4 | D38: 1 | G38: ='Sara Mappings'!C38 -> 4 | H38: =IF('Sara Mappings'!D38=0,"",'Sara Mappings'!D38) -> Network Defense | I38: ='Valtteri Mappings'!C38 -> 4 | J38: =IF('Valtteri Mappings'!D38=0,"",'Valtteri Mappings'!D38) | K38: ='Paul Mappings'!C38 -> 4 | L38: =IF('Paul Mappings'!D38=0,"",'Paul Mappings'!D38) -> network | O38: =IF(SUBSTITUTE(G38," ","") = SUBSTITUTE(I38," ",""), 1, 0) -> 1 | P38: {=SUMPRODUCT(--(ISNUMBER(SEARCH({"0";"1";"2";"3";"4";"5";"6";"7";"8"},SUBSTITUTE(G38," ",""))) * ISNUMBER(SEARCH({"0";"1";"2";"3";"4";"5";"6";"7";"8"},SUBSTITUTE(I38," ","")))))} -> 1 | Q38: =IF(SUBSTITUTE(C38," ","") = SUBSTITUTE(I38," ",""), 1, 0) -> 0 | R38: {=SUMPRODUCT(--(ISNUMBER(SEARCH({"0";"1";"2";"3";"4";"5";"6";"7";"8"},SUBSTITUTE(C38," ",""))) * ISNUMBER(SEARCH({"0";"1";"2";"3";"4";"5";"6";"7";"8"},SUBSTITUTE(I38," ","")))))} -> 1 | S38: =IF(SUBSTITUTE(C38," ","") = SUBSTITUTE(G38," ",""), 1, 0) -> 0 | T38: {=SUMPRODUCT(--(ISNUMBER(SEARCH({"0";"1";"2";"3";"4";"5";"6";"7";"8"},SUBSTITUTE(C38," ",""))) * ISNUMBER(SEARCH({"0";"1";"2";"3";"4";"5";"6";"7";"8"},SUBSTITUTE(G38," ","")))))} -> 1 | U38: =IF(SUBSTITUTE(K38," ","") = SUBSTITUTE(G38," ",""), 1, 0) -> 1 | V38: {=SUMPRODUCT(--(ISNUMBER(SEARCH({"0";"1";"2";"3";"4";"5";"6";"7";"8"},SUBSTITUTE(K38," ",""))) * ISNUMBER(SEARCH({"0";"1";"2";"3";"4";"5";"6";"7";"8"},SUBSTITUTE(G38," ","")))))} -> 1 | W38: =IF(SUBSTITUTE(K38," ","") = SUBSTITUTE(C38," ",""), 1, 0) -> 0 | X38: {=SUMPRODUCT(--(ISNUMBER(SEARCH({"0";"1";"2";"3";"4";"5";"6";"7";"8"},SUBSTITUTE(K38," ",""))) * ISNUMBER(SEARCH({"0";"1";"2";"3";"4";"5";"6";"7";"8"},SUBSTITUTE(C38," ","")))))} -> 1 | Y38: =IF(SUBSTITUTE(K38," ","") = SUBSTITUTE(I38," ",""), 1, 0) -> 1 | Z38: {=SUMPRODUCT(--(ISNUMBER(SEARCH({"0";"1";"2";"3";"4";"5";"6";"7";"8"},SUBSTITUTE(K38," ",""))) * ISNUMBER(SEARCH({"0";"1";"2";"3";"4";"5";"6";"7";"8"},SUBSTITUTE(I38," ","")))))} -> 1
A39: K1194 | B39: Knowledge of Personally Identifiable Information (PII) attributes | C39: 1, 8 | D39: 0 | G39: ='Sara Mappings'!C39 -> 0 | H39: =IF('Sara Mappings'!D39=0,"",'Sara Mappings'!D39) -> Cyberspace Practice | I39: ='Valtteri Mappings'!C39 -> 6 | J39: =IF('Valtteri Mappings'!D39=0,"",'Valtteri Mappings'!D39) | K39: ='Paul Mappings'!C39 -> 6 | L39: =IF('Paul Mappings'!D39=0,"",'Paul Mappings'!D39) | O39: =IF(SUBSTITUTE(G39," ","") = SUBSTITUTE(I39," ",""), 1, 0) -> 0 | P39: {=SUMPRODUCT(--(ISNUMBER(SEARCH({"0";"1";"2";"3";"4";"5";"6";"7";"8"},SUBSTITUTE(G39," ",""))) * ISNUMBER(SEARCH({"0";"1";"2";"3";"4";"5";"6";"7";"8"},SUBSTITUTE(I39," ","")))))} -> 0 | Q39: =IF(SUBSTITUTE(C39," ","") = SUBSTITUTE(I39," ",""), 1, 0) -> 0 | R39: {=SUMPRODUCT(--(ISNUMBER(SEARCH({"0";"1";"2";"3";"4";"5";"6";"7";"8"},SUBSTITUTE(C39," ",""))) * ISNUMBER(SEARCH({"0";"1";"2";"3";"4";"5";"6";"7";"8"},SUBSTITUTE(I39," ","")))))} -> 0 | S39: =IF(SUBSTITUTE(C39," ","") = SUBSTITUTE(G39," ",""), 1, 0) -> 0 | T39: {=SUMPRODUCT(--(ISNUMBER(SEARCH({"0";"1";"2";"3";"4";"5";"6";"7";"8"},SUBSTITUTE(C39," ",""))) * ISNUMBER(SEARCH({"0";"1";"2";"3";"4";"5";"6";"7";"8"},SUBSTITUTE(G39," ","")))))} -> 0 | U39: =IF(SUBSTITUTE(K39," ","") = SUBSTITUTE(G39," ",""), 1, 0) -> 0 | V39: {=SUMPRODUCT(--(ISNUMBER(SEARCH({"0";"1";"2";"3";"4";"5";"6";"7";"8"},SUBSTITUTE(K39," ",""))) * ISNUMBER(SEARCH({"0";"1";"2";"3";"4";"5";"6";"7";"8"},SUBSTITUTE(G39," ","")))))} -> 0 | W39: =IF(SUBSTITUTE(K39," ","") = SUBSTITUTE(C39," ",""), 1, 0) -> 0 | X39: {=SUMPRODUCT(--(ISNUMBER(SEARCH({"0";"1";"2";"3";"4";"5";"6";"7";"8"},SUBSTITUTE(K39," ",""))) * ISNUMBER(SEARCH({"0";"1";"2";"3";"4";"5";"6";"7";"8"},SUBSTITUTE(C39," ","")))))} -> 0 | Y39: =IF(SUBSTITUTE(K39," ","") = SUBSTITUTE(I39," ",""), 1, 0) -> 1 | Z39: {=SUMPRODUCT(--(ISNUMBER(SEARCH({"0";"1";"2";"3";"4";"5";"6";"7";"8"},SUBSTITUTE(K39," ",""))) * ISNUMBER(SEARCH({"0";"1";"2";"3";"4";"5";"6";"7";"8"},SUBSTITUTE(I39," ","")))))} -> 1
A40: K1198 | B40: Knowledge of privacy and data security regulators | C40: 7, 8 | D40: 0 | G40: ='Sara Mappings'!C40 -> 8 | H40: =IF('Sara Mappings'!D40=0,"",'Sara Mappings'!D40) | I40: ='Valtteri Mappings'!C40 -> 6 | J40: =IF('Valtteri Mappings'!D40=0,"",'Valtteri Mappings'!D40) | K40: ='Paul Mappings'!C40 -> 6.7 | L40: =IF('Paul Mappings'!D40=0,"",'Paul Mappings'!D40) | O40: =IF(SUBSTITUTE(G40," ","") = SUBSTITUTE(I40," ",""), 1, 0) -> 0 | P40: {=SUMPRODUCT(--(ISNUMBER(SEARCH({"0";"1";"2";"3";"4";"5";"6";"7";"8"},SUBSTITUTE(G40," ",""))) * ISNUMBER(SEARCH({"0";"1";"2";"3";"4";"5";"6";"7";"8"},SUBSTITUTE(I40," ","")))))} -> 0 | Q40: =IF(SUBSTITUTE(C40," ","") = SUBSTITUTE(I40," ",""), 1, 0) -> 0 | R40: {=SUMPRODUCT(--(ISNUMBER(SEARCH({"0";"1";"2";"3";"4";"5";"6";"7";"8"},SUBSTITUTE(C40," ",""))) * ISNUMBER(SEARCH({"0";"1";"2";"3";"4";"5";"6";"7";"8"},SUBSTITUTE(I40," ","")))))} -> 0 | S40: =IF(SUBSTITUTE(C40," ","") = SUBSTITUTE(G40," ",""), 1, 0) -> 0 | T40: {=SUMPRODUCT(--(ISNUMBER(SEARCH({"0";"1";"2";"3";"4";"5";"6";"7";"8"},SUBSTITUTE(C40," ",""))) * ISNUMBER(SEARCH({"0";"1";"2";"3";"4";"5";"6";"7";"8"},SUBSTITUTE(G40," ","")))))} -> 1 | U40: =IF(SUBSTITUTE(K40," ","") = SUBSTITUTE(G40," ",""), 1, 0) -> 0 | V40: {=SUMPRODUCT(--(ISNUMBER(SEARCH({"0";"1";"2";"3";"4";"5";"6";"7";"8"},SUBSTITUTE(K40," ",""))) * ISNUMBER(SEARCH({"0";"1";"2";"3";"4";"5";"6";"7";"8"},SUBSTITUTE(G40," ","")))))} -> 0 | W40: =IF(SUBSTITUTE(K40," ","") = SUBSTITUTE(C40," ",""), 1, 0) -> 0 | X40: {=SUMPRODUCT(--(ISNUMBER(SEARCH({"0";"1";"2";"3";"4";"5";"6";"7";"8"},SUBSTITUTE(K40," ",""))) * ISNUMBER(SEARCH({"0";"1";"2";"3";"4";"5";"6";"7";"8"},SUBSTITUTE(C40," ","")))))} -> 1 | Y40: =IF(SUBSTITUTE(K40," ","") = SUBSTITUTE(I40," ",""), 1, 0) -> 0 | Z40: {=SUMPRODUCT(--(ISNUMBER(SEARCH({"0";"1";"2";"3";"4";"5";"6";"7";"8"},SUBSTITUTE(K40," ",""))) * ISNUMBER(SEARCH({"0";"1";"2";"3";"4";"5";"6";"7";"8"},SUBSTITUTE(I40," ","")))))} -> 1
A41: K1207 | B41: Knowledge of reverse engineering tools and techniques | C41: 2, 5 | D41: 0 | G41: ='Sara Mappings'!C41 -> 6 | H41: =IF('Sara Mappings'!D41=0,"",'Sara Mappings'!D41) | I41: ='Valtteri Mappings'!C41 -> 3 | J41: =IF('Valtteri Mappings'!D41=0,"",'Valtteri Mappings'!D41) | K41: ='Paul Mappings'!C41 -> 3 | L41: =IF('Paul Mappings'!D41=0,"",'Paul Mappings'!D41) | O41: =IF(SUBSTITUTE(G41," ","") = SUBSTITUTE(I41," ",""), 1, 0) -> 0 | P41: {=SUMPRODUCT(--(ISNUMBER(SEARCH({"0";"1";"2";"3";"4";"5";"6";"7";"8"},SUBSTITUTE(G41," ",""))) * ISNUMBER(SEARCH({"0";"1";"2";"3";"4";"5";"6";"7";"8"},SUBSTITUTE(I41," ","")))))} -> 0 | Q41: =IF(SUBSTITUTE(C41," ","") = SUBSTITUTE(I41," ",""), 1, 0) -> 0 | R41: {=SUMPRODUCT(--(ISNUMBER(SEARCH({"0";"1";"2";"3";"4";"5";"6";"7";"8"},SUBSTITUTE(C41," ",""))) * ISNUMBER(SEARCH({"0";"1";"2";"3";"4";"5";"6";"7";"8"},SUBSTITUTE(I41," ","")))))} -> 0 | S41: =IF(SUBSTITUTE(C41," ","") = SUBSTITUTE(G41," ",""), 1, 0) -> 0 | T41: {=SUMPRODUCT(--(ISNUMBER(SEARCH({"0";"1";"2";"3";"4";"5";"6";"7";"8"},SUBSTITUTE(C41," ",""))) * ISNUMBER(SEARCH({"0";"1";"2";"3";"4";"5";"6";"7";"8"},SUBSTITUTE(G41," ","")))))} -> 0 | U41: =IF(SUBSTITUTE(K41," ","") = SUBSTITUTE(G41," ",""), 1, 0) -> 0 | V41: {=SUMPRODUCT(--(ISNUMBER(SEARCH({"0";"1";"2";"3";"4";"5";"6";"7";"8"},SUBSTITUTE(K41," ",""))) * ISNUMBER(SEARCH({"0";"1";"2";"3";"4";"5";"6";"7";"8"},SUBSTITUTE(G41," ","")))))} -> 0 | W41: =IF(SUBSTITUTE(K41," ","") = SUBSTITUTE(C41," ",""), 1, 0) -> 0 | X41: {=SUMPRODUCT(--(ISNUMBER(SEARCH({"0";"1";"2";"3";"4";"5";"6";"7";"8"},SUBSTITUTE(K41," ",""))) * ISNUMBER(SEARCH({"0";"1";"2";"3";"4";"5";"6";"7";"8"},SUBSTITUTE(C41," ","")))))} -> 0 | Y41: =IF(SUBSTITUTE(K41," ","") = SUBSTITUTE(I41," ",""), 1, 0) -> 1 | Z41: {=SUMPRODUCT(--(ISNUMBER(SEARCH({"0";"1";"2";"3";"4";"5";"6";"7";"8"},SUBSTITUTE(K41," ",""))) * ISNUMBER(SEARCH({"0";"1";"2";"3";"4";"5";"6";"7";"8"},SUBSTITUTE(I41," ","")))))} -> 1
A42: K1217 | B42: Knowledge of software and systems engineering life cycle standards | C42: 0, 2, 5 | D42: 1 | G42: ='Sara Mappings'!C42 -> 5 | H42: =IF('Sara Mappings'!D42=0,"",'Sara Mappings'!D42) -> System Management | I42: ='Valtteri Mappings'!C42 -> 0 | J42: =IF('Valtteri Mappings'!D42=0,"",'Valtteri Mappings'!D42) | K42: ='Paul Mappings'!C42 -> 3,2,5 | L42: =IF('Paul Mappings'!D42=0,"",'Paul Mappings'!D42) | O42: =IF(SUBSTITUTE(G42," ","") = SUBSTITUTE(I42," ",""), 1, 0) -> 0 | P42: {=SUMPRODUCT(--(ISNUMBER(SEARCH({"0";"1";"2";"3";"4";"5";"6";"7";"8"},SUBSTITUTE(G42," ",""))) * ISNUMBER(SEARCH({"0";"1";"2";"3";"4";"5";"6";"7";"8"},SUBSTITUTE(I42," ","")))))} -> 0 | Q42: =IF(SUBSTITUTE(C42," ","") = SUBSTITUTE(I42," ",""), 1, 0) -> 0 | R42: {=SUMPRODUCT(--(ISNUMBER(SEARCH({"0";"1";"2";"3";"4";"5";"6";"7";"8"},SUBSTITUTE(C42," ",""))) * ISNUMBER(SEARCH({"0";"1";"2";"3";"4";"5";"6";"7";"8"},SUBSTITUTE(I42," ","")))))} -> 1 | S42: =IF(SUBSTITUTE(C42," ","") = SUBSTITUTE(G42," ",""), 1, 0) -> 0 | T42: {=SUMPRODUCT(--(ISNUMBER(SEARCH({"0";"1";"2";"3";"4";"5";"6";"7";"8"},SUBSTITUTE(C42," ",""))) * ISNUMBER(SEARCH({"0";"1";"2";"3";"4";"5";"6";"7";"8"},SUBSTITUTE(G42," ","")))))} -> 1 | U42: =IF(SUBSTITUTE(K42," ","") = SUBSTITUTE(G42," ",""), 1, 0) -> 0 | V42: {=SUMPRODUCT(--(ISNUMBER(SEARCH({"0";"1";"2";"3";"4";"5";"6";"7";"8"},SUBSTITUTE(K42," ",""))) * ISNUMBER(SEARCH({"0";"1";"2";"3";"4";"5";"6";"7";"8"},SUBSTITUTE(G42," ","")))))} -> 1 | W42: =IF(SUBSTITUTE(K42," ","") = SUBSTITUTE(C42," ",""), 1, 0) -> 0 | X42: {=SUMPRODUCT(--(ISNUMBER(SEARCH({"0";"1";"2";"3";"4";"5";"6";"7";"8"},SUBSTITUTE(K42," ",""))) * ISNUMBER(SEARCH({"0";"1";"2";"3";"4";"5";"6";"7";"8"},SUBSTITUTE(C42," ","")))))} -> 2 | Y42: =IF(SUBSTITUTE(K42," ","") = SUBSTITUTE(I42," ",""), 1, 0) -> 0 | Z42: {=SUMPRODUCT(--(ISNUMBER(SEARCH({"0";"1";"2";"3";"4";"5";"6";"7";"8"},SUBSTITUTE(K42," ",""))) * ISNUMBER(SEARCH({"0";"1";"2";"3";"4";"5";"6";"7";"8"},SUBSTITUTE(I42," ","")))))} -> 0
A43: K1238 | B43: Knowledge of Windows scripts | C43: 0, 2 | D43: 1 | G43: ='Sara Mappings'!C43 -> 2 | H43: =IF('Sara Mappings'!D43=0,"",'Sara Mappings'!D43) | I43: ='Valtteri Mappings'!C43 -> 0 | J43: =IF('Valtteri Mappings'!D43=0,"",'Valtteri Mappings'!D43) | K43: ='Paul Mappings'!C43 -> 2,5,0 | L43: =IF('Paul Mappings'!D43=0,"",'Paul Mappings'!D43) -> not sure here, maybe better just 0, but I was thinking skills and operating system knowledge | O43: =IF(SUBSTITUTE(G43," ","") = SUBSTITUTE(I43," ",""), 1, 0) -> 0 | P43: {=SUMPRODUCT(--(ISNUMBER(SEARCH({"0";"1";"2";"3";"4";"5";"6";"7";"8"},SUBSTITUTE(G43," ",""))) * ISNUMBER(SEARCH({"0";"1";"2";"3";"4";"5";"6";"7";"8"},SUBSTITUTE(I43," ","")))))} -> 0 | Q43: =IF(SUBSTITUTE(C43," ","") = SUBSTITUTE(I43," ",""), 1, 0) -> 0 | R43: {=SUMPRODUCT(--(ISNUMBER(SEARCH({"0";"1";"2";"3";"4";"5";"6";"7";"8"},SUBSTITUTE(C43," ",""))) * ISNUMBER(SEARCH({"0";"1";"2";"3";"4";"5";"6";"7";"8"},SUBSTITUTE(I43," ","")))))} -> 1 | S43: =IF(SUBSTITUTE(C43," ","") = SUBSTITUTE(G43," ",""), 1, 0) -> 0 | T43: {=SUMPRODUCT(--(ISNUMBER(SEARCH({"0";"1";"2";"3";"4";"5";"6";"7";"8"},SUBSTITUTE(C43," ",""))) * ISNUMBER(SEARCH({"0";"1";"2";"3";"4";"5";"6";"7";"8"},SUBSTITUTE(G43," ","")))))} -> 1 | U43: =IF(SUBSTITUTE(K43," ","") = SUBSTITUTE(G43," ",""), 1, 0) -> 0 | V43: {=SUMPRODUCT(--(ISNUMBER(SEARCH({"0";"1";"2";"3";"4";"5";"6";"7";"8"},SUBSTITUTE(K43," ",""))) * ISNUMBER(SEARCH({"0";"1";"2";"3";"4";"5";"6";"7";"8"},SUBSTITUTE(G43," ","")))))} -> 1 | W43: =IF(SUBSTITUTE(K43," ","") = SUBSTITUTE(C43," ",""), 1, 0) -> 0 | X43: {=SUMPRODUCT(--(ISNUMBER(SEARCH({"0";"1";"2";"3";"4";"5";"6";"7";"8"},SUBSTITUTE(K43," ",""))) * ISNUMBER(SEARCH({"0";"1";"2";"3";"4";"5";"6";"7";"8"},SUBSTITUTE(C43," ","")))))} -> 2 | Y43: =IF(SUBSTITUTE(K43," ","") = SUBSTITUTE(I43," ",""), 1, 0) -> 0 | Z43: {=SUMPRODUCT(--(ISNUMBER(SEARCH({"0";"1";"2";"3";"4";"5";"6";"7";"8"},SUBSTITUTE(K43," ",""))) * ISNUMBER(SEARCH({"0";"1";"2";"3";"4";"5";"6";"7";"8"},SUBSTITUTE(I43," ","")))))} -> 1
... A51: K1292 | B51: Knowledge of OT cybersecurity risk tolerance levels | C51: 7 | D51: 1 | G51: ='Sara Mappings'!C51 -> 7 | H51: =IF('Sara Mappings'!D51=0,"",'Sara Mappings'!D51) -> Risk Management | I51: ='Valtteri Mappings'!C51 -> 7 | J51: =IF('Valtteri Mappings'!D51=0,"",'Valtteri Mappings'!D51) | K51: ='Paul Mappings'!C51 -> 0 | L51: =IF('Paul Mappings'!D51=0,"",'Paul Mappings'!D51) -> cyberspace practice? | O51: =IF(SUBSTITUTE(G51," ","") = SUBSTITUTE(I51," ",""), 1, 0) -> 1 | P51: {=SUMPRODUCT(--(ISNUMBER(SEARCH({"0";"1";"2";"3";"4";"5";"6";"7";"8"},SUBSTITUTE(G51," ",""))) * ISNUMBER(SEARCH({"0";"1";"2";"3";"4";"5";"6";"7";"8"},SUBSTITUTE(I51," ","")))))} -> 1 | Q51: =IF(SUBSTITUTE(C51," ","") = SUBSTITUTE(I51," ",""), 1, 0) -> 1 | R51: {=SUMPRODUCT(--(ISNUMBER(SEARCH({"0";"1";"2";"3";"4";"5";"6";"7";"8"},SUBSTITUTE(C51," ",""))) * ISNUMBER(SEARCH({"0";"1";"2";"3";"4";"5";"6";"7";"8"},SUBSTITUTE(I51," ","")))))} -> 1 | S51: =IF(SUBSTITUTE(C51," ","") = SUBSTITUTE(G51," ",""), 1, 0) -> 1 | T51: {=SUMPRODUCT(--(ISNUMBER(SEARCH({"0";"1";"2";"3";"4";"5";"6";"7";"8"},SUBSTITUTE(C51," ",""))) * ISNUMBER(SEARCH({"0";"1";"2";"3";"4";"5";"6";"7";"8"},SUBSTITUTE(G51," ","")))))} -> 1 | U51: =IF(SUBSTITUTE(K51," ","") = SUBSTITUTE(G51," ",""), 1, 0) -> 0 | V51: {=SUMPRODUCT(--(ISNUMBER(SEARCH({"0";"1";"2";"3";"4";"5";"6";"7";"8"},SUBSTITUTE(K51," ",""))) * ISNUMBER(SEARCH({"0";"1";"2";"3";"4";"5";"6";"7";"8"},SUBSTITUTE(G51," ","")))))} -> 0 | W51: =IF(SUBSTITUTE(K51," ","") = SUBSTITUTE(C51," ",""), 1, 0) -> 0 | X51: {=SUMPRODUCT(--(ISNUMBER(SEARCH({"0";"1";"2";"3";"4";"5";"6";"7";"8"},SUBSTITUTE(K51," ",""))) * ISNUMBER(SEARCH({"0";"1";"2";"3";"4";"5";"6";"7";"8"},SUBSTITUTE(C51," ","")))))} -> 0 | Y51: =IF(SUBSTITUTE(K51," ","") = SUBSTITUTE(I51," ",""), 1, 0) -> 0 | Z51: {=SUMPRODUCT(--(ISNUMBER(SEARCH({"0";"1";"2";"3";"4";"5";"6";"7";"8"},SUBSTITUTE(K51," ",""))) * ISNUMBER(SEARCH({"0";"1";"2";"3";"4";"5";"6";"7";"8"},SUBSTITUTE(I51," ","")))))} -> 0
D54: =SUM(D2:D51) -> 35 | E54: =SUM(E2:E51) -> 4
B56: ="""" & _xlfn.TEXTJOIN(";", TRUE, B2:B51) & """" -> "Knowledge of the organizational cybersecurity workforce;Knowledge of virtual learning environments;Knowledge of standard operating procedures (SOPs);Knowledge of systems security engineering;Knowledge of database schema capabilities and applications;Knowledge of enterprise cybersecurity architecture principles and practices;Knowledge of Wide Area Networks (WAN);Knowledge of human-computer interaction (HCI) principles and practices;Knowledge of intrusion detection tools and techniques;Knowledge of information technology (IT) architecture models and frameworks;Knowledge of system design tools and techniques;Knowledge of software engineering principles and practices;Knowledge of telecommunications principles and practices;Knowledge of information management tools and techniques;Knowledge of collaboration tools and techniques;Knowledge of program management principles and practices;Knowledge of cognitive domain models and frameworks;Knowledge of web mail tools and techniques;Knowledge of secure coding tools and techniques;Knowledge of risk tolerance principles and practices;Knowledge of account creation policies and procedures;Knowledge of cyberattack characteristics;Knowledge of cyberattack stages;Knowledge of cyber intrusion activity phases;Knowledge of crisis management tools and techniques;Knowledge of data concealment tools and techniques;Knowledge of embedded systems and software;Knowledge of intelligence collection sources;Knowledge of target selection criticality factors;Knowledge of exploitation tools and techniques;Knowledge of continuous monitoring scoring and grading metrics;Knowledge of cost constraints;Knowledge of cybersecurity standards and best practices;Knowledge of data encryption practices and principles;Knowledge of network monitoring tools and techniques;Knowledge of organizational security posture;Knowledge of packet analysis tools and techniques;Knowledge of Personally Identifiable Information (PII) attributes;Knowledge of privacy and data security regulators;Knowledge of reverse engineering tools and techniques;Knowledge of software and systems engineering life cycle standards;Knowledge of Windows scripts;Knowledge of digital and physical security vulnerabilities;Knowledge of external referrals policies and procedures;Knowledge of high value asset characteristics;Knowledge of suspicious activity response processes;Knowledge of system alert policies and procedures;Knowledge of threat-informed defense;Knowledge of assessment remediation requirements;Knowledge of OT cybersecurity risk tolerance levels"
D63: 10, 39, 41

Sheet Picture

Sheet Sara Mappings
A1: KD ID | B1: KD | C1: KAs (mapping) | D1: Reasonings
A2: K0640 | B2: Knowledge of the organizational cybersecurity workforce | C2: 7
A3: K0643 | B3: Knowledge of virtual learning environments | C3: 0 | D3: pedagogy
A4: K0645 | B4: Knowledge of standard operating procedures (SOPs) | C4: 7 | D4: A standard operating procedure is a set of step-by-step instructions compiled by an organization to help workers carry out routine operations. (This KD is not directly relating to the cybersecurity, so it can also be 0)
A5: K0662 | B5: Knowledge of systems security engineering | C5: 4 | D5: Systems fall under KA-4
A6: K0706 | B6: Knowledge of database schema capabilities and applications | C6: 0
A7: K0710 | B7: Knowledge of enterprise cybersecurity architecture principles and practices | C7: 7
A8: K0713 | B8: Knowledge of Wide Area Networks (WAN) | C8: 4
A9: K0719 | B9: Knowledge of human-computer interaction (HCI) principles and practices | C9: 0 | D9: Falls under software development (Computer Science)
A10: K0732 | B10: Knowledge of intrusion detection tools and techniques | C10: 4 | D10: Network Defense
A11: K0733 | B11: Knowledge of information technology (IT) architecture models and frameworks | C11: 0
A12: K0757 | B12: Knowledge of system design tools and techniques | C12: 3 | D12: Component Design (it can also be 0, as part of CS)
A13: K0765 | B13: Knowledge of software engineering principles and practices | C13: 2 | D13: it can also be 0, as part of CS
A14: K0773 | B14: Knowledge of telecommunications principles and practices | C14: 0 | D14: Communication and Networking
A15: K0775 | B15: Knowledge of information management tools and techniques | C15: 0 | D15: IT
A16: K0776 | B16: Knowledge of collaboration tools and techniques | C16: 0 | D16: Business and Law
A17: K0798 | B17: Knowledge of program management principles and practices | C17: 0
A18: K0801 | B18: Knowledge of cognitive domain models and frameworks | C18: 0 | D18: Pedagogy
A19: K0807 | B19: Knowledge of web mail tools and techniques | C19: 0 | D19: CS
A20: K0814 | B20: Knowledge of secure coding tools and techniques | C20: 2
A21: K0822 | B21: Knowledge of risk tolerance principles and practices | C21: 7 | D21: Risk Management
A22: K0829 | B22: Knowledge of account creation policies and procedures | C22: 0 | D22: Business and Law
A23: K0832 | B23: Knowledge of cyberattack characteristics | C23: 0 | D23: Cyberspace Practice
A24: K0844 | B24: Knowledge of cyberattack stages | C24: 0 | D24: Cyberspace Practice
A25: K0845 | B25: Knowledge of cyber intrusion activity phases | C25: 4 | D25: Network Defense
A26: K0901 | B26: Knowledge of crisis management tools and techniques | C26: 7 | D26: Risk Management
A27: K0941 | B27: Knowledge of data concealment tools and techniques | C27: 0 | D27: Cyberspace Practice
A28: K0948 | B28: Knowledge of embedded systems and software | C28: 0 | D28: cs
A29: K0980 | B29: Knowledge of intelligence collection sources | C29: 0 | D29: Cyberspace Practice
A30: K0986 | B30: Knowledge of target selection criticality factors | C30: 0 | D30: Cyberspace Practice
A31: K1085 | B31: Knowledge of exploitation tools and techniques | C31: 0 | D31: Cyberspace Practice
A32: K1124 | B32: Knowledge of continuous monitoring scoring and grading metrics | C32: 0 | D32: pedagogy
A33: K1126 | B33: Knowledge of cost constraints | C33: 7
A34: K1138 | B34: Knowledge of cybersecurity standards and best practices | C34: 0 | D34: Cyberspace Practice
A35: K1145 | B35: Knowledge of data encryption practices and principles | C35: 1
A36: K1175 | B36: Knowledge of network monitoring tools and techniques | C36: 4 | D36: Network Defense
A37: K1191 | B37: Knowledge of organizational security posture | C37: 7
A38: K1193 | B38: Knowledge of packet analysis tools and techniques | C38: 4 | D38: Network Defense
A39: K1194 | B39: Knowledge of Personally Identifiable Information (PII) attributes | C39: 0 | D39: Cyberspace Practice
A40: K1198 | B40: Knowledge of privacy and data security regulators | C40: 8
A41: K1207 | B41: Knowledge of reverse engineering tools and techniques | C41: 6
A42: K1217 | B42: Knowledge of software and systems engineering life cycle standards | C42: 5 | D42: System Management
A43: K1238 | B43: Knowledge of Windows scripts | C43: 2
A44: K1248 | B44: Knowledge of digital and physical security vulnerabilities | C44: 0 | D44: Cyberspace Practice
A45: K1251 | B45: Knowledge of external referrals policies and procedures | C45: 0 | D45: Business and Law
A46: K1252 | B46: Knowledge of high value asset characteristics | C46: 0 | D46: Cyberspace Practice
A47: K1270 | B47: Knowledge of suspicious activity response processes | C47: 7 | D47: Analytical Tools
A48: K1271 | B48: Knowledge of system alert policies and procedures | C48: 5 | D48: System Management
A49: K1279 | B49: Knowledge of threat-informed defense | C49: 0 | D49: Cyberspace Practice
A50: K1285 | B50: Knowledge of assessment remediation requirements | C50: 7 | D50: Risk assessment and analysis
A51: K1292 | B51: Knowledge of OT cybersecurity risk tolerance levels | C51: 7 | D51: Risk Management

Sheet Info
A1: The knowledge descriptions are from the sheet v2.0.0 TKS Statements of the Excel document NICE Framework Components v2.0.0.xlsx
A2: The first row is for titles, and rows 2 to 13 contains the KDs already mapped in the earlier work of Sara and Valtteri.
A3: The rows 14 to 632 contains the KDs which needs mapping.
A4: Total of 50 KDs are chosen by randomly generating a sequence of numbers between 14 and 632.
A5: Row numbers randomly generated are the following:
A6: 19, 22, 24, 41, 84, 88, 91, 97, 110, 111, 135, 143, 151, 153, 154, 176, 179, 185, 192, 200, 207, 210, 221, 222, 278, 318, 325, 351, 354, 424, 461, 463, 473, 477, 506, 521, 523, 524, 527, 534, 544, 561, 571, 574, 575, 591, 592, 600, 606, 613
A7: The Python script used is the following:
A8: import random
A10: numbers = []
A11: for num in range(14, 633):
A12: numbers.append(num)
A14: random.seed(40) # Set the seed for reproducibility
... A20: print(first_50_numbers)

Sheet SSGDD study
A1: Mix | B1: First Letter | C1: Second Letter | D1: Third Letter | E1: First KD | F1: Second KD | G1: Third KD | H1: First Mappings | I1: Second Mappings | J1: Third Mappings
A2: ABC | B2: =LEFT(A2, 1) -> A | C2: =MID(A2,2,1) -> B | D2: =MID(A2,3,1) -> C | E2: {=INDIRECT("Girls!B" & (19 + MATCH(B2,{"A";"B";"C";"D";"E";"F";"G";"H";"I";"J";"K";"L";"M";"N";"O"},0)))} -> K1248 | F2: {=INDIRECT("Girls!B" & (19 + MATCH(C2,{"A";"B";"C";"D";"E";"F";"G";"H";"I";"J";"K";"L";"M";"N";"O"},0)))} -> K0829 | G2: {=INDIRECT("Girls!B" & (19 + MATCH(D2,{"A";"B";"C";"D";"E";"F";"G";"H";"I";"J";"K";"L";"M";"N";"O"},0)))} -> K1207 | H2: 5 | I2: 6 | J2: 2
A3: DEF | B3: =LEFT(A3, 1) -> D | C3: =MID(A3,2,1) -> E | D3: =MID(A3,3,1) -> F | E3: {=INDIRECT("Girls!B" & (19 + MATCH(B3,{"A";"B";"C";"D";"E";"F";"G";"H";"I";"J";"K";"L";"M";"N";"O"},0)))} -> K1145 | F3: {=INDIRECT("Girls!B" & (19 + MATCH(C3,{"A";"B";"C";"D";"E";"F";"G";"H";"I";"J";"K";"L";"M";"N";"O"},0)))} -> K0757 | G3: {=INDIRECT("Girls!B" & (19 + MATCH(D3,{"A";"B";"C";"D";"E";"F";"G";"H";"I";"J";"K";"L";"M";"N";"O"},0)))} -> K0645 | H3: 1, 3, 4 | I3: 2, 3, 5, 6, 8 | J3: 6, 7, 8
A4: GHI | B4: =LEFT(A4, 1) -> G | C4: =MID(A4,2,1) -> H | D4: =MID(A4,3,1) -> I | E4: {=INDIRECT("Girls!B" & (19 + MATCH(B4,{"A";"B";"C";"D";"E";"F";"G";"H";"I";"J";"K";"L";"M";"N";"O"},0)))} -> K1279 | F4: {=INDIRECT("Girls!B" & (19 + MATCH(C4,{"A";"B";"C";"D";"E";"F";"G";"H";"I";"J";"K";"L";"M";"N";"O"},0)))} -> K0807 | G4: {=INDIRECT("Girls!B" & (19 + MATCH(D4,{"A";"B";"C";"D";"E";"F";"G";"H";"I";"J";"K";"L";"M";"N";"O"},0)))} -> K0775 | H4: 4 | I4: 1 | J4: 5
A5: JKL | B5: =LEFT(A5, 1) -> J | C5: =MID(A5,2,1) -> K | D5: =MID(A5,3,1) -> L | E5: {=INDIRECT("Girls!B" & (19 + MATCH(B5,{"A";"B";"C";"D";"E";"F";"G";"H";"I";"J";"K";"L";"M";"N";"O"},0)))} -> K0713 | F5: {=INDIRECT("Girls!B" & (19 + MATCH(C5,{"A";"B";"C";"D";"E";"F";"G";"H";"I";"J";"K";"L";"M";"N";"O"},0)))} -> K1193 | G5: {=INDIRECT("Girls!B" & (19 + MATCH(D5,{"A";"B";"C";"D";"E";"F";"G";"H";"I";"J";"K";"L";"M";"N";"O"},0)))} -> K0710 | H5: 5 | I5: 2, 4 | J5: 1, 3, 6, 7, 8, 0
A6: MNO | B6: =LEFT(A6, 1) -> M | C6: =MID(A6,2,1) -> N | D6: =MID(A6,3,1) -> O | E6: {=INDIRECT("Girls!B" & (19 + MATCH(B6,{"A";"B";"C";"D";"E";"F";"G";"H";"I";"J";"K";"L";"M";"N";"O"},0)))} -> K0798 | F6: {=INDIRECT("Girls!B" & (19 + MATCH(C6,{"A";"B";"C";"D";"E";"F";"G";"H";"I";"J";"K";"L";"M";"N";"O"},0)))} -> K0941 | G6: {=INDIRECT("Girls!B" & (19 + MATCH(D6,{"A";"B";"C";"D";"E";"F";"G";"H";"I";"J";"K";"L";"M";"N";"O"},0)))} -> K1126 | H6: 6, 7, 8 | I6: 1, 2, 3, 4 | J6: 0, 3, 8
A7: ADG | B7: =LEFT(A7, 1) -> A | C7: =MID(A7,2,1) -> D | D7: =MID(A7,3,1) -> G | E7: {=INDIRECT("Girls!B" & (19 + MATCH(B7,{"A";"B";"C";"D";"E";"F";"G";"H";"I";"J";"K";"L";"M";"N";"O"},0)))} -> K1248 | F7: {=INDIRECT("Girls!B" & (19 + MATCH(C7,{"A";"B";"C";"D";"E";"F";"G";"H";"I";"J";"K";"L";"M";"N";"O"},0)))} -> K1145 | G7: {=INDIRECT("Girls!B" & (19 + MATCH(D7,{"A";"B";"C";"D";"E";"F";"G";"H";"I";"J";"K";"L";"M";"N";"O"},0)))} -> K1279 | H7: 2, 3, 5 | I7: 1, 4 | J7: 5
A8: BEH | B8: =LEFT(A8, 1) -> B | C8: =MID(A8,2,1) -> E | D8: =MID(A8,3,1) -> H | E8: {=INDIRECT("Girls!B" & (19 + MATCH(B8,{"A";"B";"C";"D";"E";"F";"G";"H";"I";"J";"K";"L";"M";"N";"O"},0)))} -> K0829 | F8: {=INDIRECT("Girls!B" & (19 + MATCH(C8,{"A";"B";"C";"D";"E";"F";"G";"H";"I";"J";"K";"L";"M";"N";"O"},0)))} -> K0757 | G8: {=INDIRECT("Girls!B" & (19 + MATCH(D8,{"A";"B";"C";"D";"E";"F";"G";"H";"I";"J";"K";"L";"M";"N";"O"},0)))} -> K0807 | H8: 3, 7, 8 | I8: 2, 5, 0 | J8: 1, 4, 6, 0
A9: CJM | B9: =LEFT(A9, 1) -> C | C9: =MID(A9,2,1) -> J | D9: =MID(A9,3,1) -> M | E9: {=INDIRECT("Girls!B" & (19 + MATCH(B9,{"A";"B";"C";"D";"E";"F";"G";"H";"I";"J";"K";"L";"M";"N";"O"},0)))} -> K1207 | F9: {=INDIRECT("Girls!B" & (19 + MATCH(C9,{"A";"B";"C";"D";"E";"F";"G";"H";"I";"J";"K";"L";"M";"N";"O"},0)))} -> K0713 | G9: {=INDIRECT("Girls!B" & (19 + MATCH(D9,{"A";"B";"C";"D";"E";"F";"G";"H";"I";"J";"K";"L";"M";"N";"O"},0)))} -> K0798 | H9: 2, 4, 5, 1, 0 | I9: 1, 3, 4, 5, 7, 0 | J9: 5, 6, 7, 8, 0
A10: FKN | B10: =LEFT(A10, 1) -> F | C10: =MID(A10,2,1) -> K | D10: =MID(A10,3,1) -> N | E10: {=INDIRECT("Girls!B" & (19 + MATCH(B10,{"A";"B";"C";"D";"E";"F";"G";"H";"I";"J";"K";"L";"M";"N";"O"},0)))} -> K0645 | F10: {=INDIRECT("Girls!B" & (19 + MATCH(C10,{"A";"B";"C";"D";"E";"F";"G";"H";"I";"J";"K";"L";"M";"N";"O"},0)))} -> K1193 | G10: {=INDIRECT("Girls!B" & (19 + MATCH(D10,{"A";"B";"C";"D";"E";"F";"G";"H";"I";"J";"K";"L";"M";"N";"O"},0)))} -> K0941 | H10: 1, 2, 3, 4, 5, 6, 7, 8, 0 | I10: 1, 2, 3, 4, 5 | J10: 1, 2, 3, 5, 6
A11: ILO | B11: =LEFT(A11, 1) -> I | C11: =MID(A11,2,1) -> L | D11: =MID(A11,3,1) -> O | E11: {=INDIRECT("Girls!B" & (19 + MATCH(B11,{"A";"B";"C";"D";"E";"F";"G";"H";"I";"J";"K";"L";"M";"N";"O"},0)))} -> K0775 | F11: {=INDIRECT("Girls!B" & (19 + MATCH(C11,{"A";"B";"C";"D";"E";"F";"G";"H";"I";"J";"K";"L";"M";"N";"O"},0)))} -> K0710 | G11: {=INDIRECT("Girls!B" & (19 + MATCH(D11,{"A";"B";"C";"D";"E";"F";"G";"H";"I";"J";"K";"L";"M";"N";"O"},0)))} -> K1126 | H11: 1, 2, 4, 5, 6 | I11: 2, 3, 4, 5, 6, 7, 0 | J11: 2, 4, 5, 1, 0
A12: AEO | B12: =LEFT(A12, 1) -> A | C12: =MID(A12,2,1) -> E | D12: =MID(A12,3,1) -> O | E12: {=INDIRECT("Girls!B" & (19 + MATCH(B12,{"A";"B";"C";"D";"E";"F";"G";"H";"I";"J";"K";"L";"M";"N";"O"},0)))} -> K1248 | F12: {=INDIRECT("Girls!B" & (19 + MATCH(C12,{"A";"B";"C";"D";"E";"F";"G";"H";"I";"J";"K";"L";"M";"N";"O"},0)))} -> K0757 | G12: {=INDIRECT("Girls!B" & (19 + MATCH(D12,{"A";"B";"C";"D";"E";"F";"G";"H";"I";"J";"K";"L";"M";"N";"O"},0)))} -> K1126 | H12: 1, 3, 4, 6, 8 | I12: 5, 2, 0 | J12: 7
A13: BIJ | B13: =LEFT(A13, 1) -> B | C13: =MID(A13,2,1) -> I | D13: =MID(A13,3,1) -> J | E13: {=INDIRECT("Girls!B" & (19 + MATCH(B13,{"A";"B";"C";"D";"E";"F";"G";"H";"I";"J";"K";"L";"M";"N";"O"},0)))} -> K0829 | F13: {=INDIRECT("Girls!B" & (19 + MATCH(C13,{"A";"B";"C";"D";"E";"F";"G";"H";"I";"J";"K";"L";"M";"N";"O"},0)))} -> K0775 | G13: {=INDIRECT("Girls!B" & (19 + MATCH(D13,{"A";"B";"C";"D";"E";"F";"G";"H";"I";"J";"K";"L";"M";"N";"O"},0)))} -> K0713 | H13: 7, 6, 0 | I13: 7, 8, 3 | J13: 1, 2, 3
... A37: ABC | B37: =LEFT(A37, 1) -> A | C37: =MID(A37,2,1) -> B | D37: =MID(A37,3,1) -> C | E37: {=INDIRECT("Girls!B" & (19 + MATCH(B37,{"A";"B";"C";"D";"E";"F";"G";"H";"I";"J";"K";"L";"M";"N";"O"},0)))} -> K1248 | F37: {=INDIRECT("Girls!B" & (19 + MATCH(C37,{"A";"B";"C";"D";"E";"F";"G";"H";"I";"J";"K";"L";"M";"N";"O"},0)))} -> K0829 | G37: {=INDIRECT("Girls!B" & (19 + MATCH(D37,{"A";"B";"C";"D";"E";"F";"G";"H";"I";"J";"K";"L";"M";"N";"O"},0)))} -> K1207 | H37: 3, 1 | I37: 7, 6, 8 | J37: 2, 4

Sheet KA Essentials
A1: 1. DATA SECURITY
A2: Essentials
A3: - Basic cryptography concepts,
A4: - Digital forensics,
A5: - End-to-end secure communications,
A6: - Data integrity and authentication, and
A7: - Information storage security
A8: 2. SOFTWARE SECURITY
A9: Essentials
A10: - Fundamental design principles including least privilege, open design, and
A11: abstraction,
A12: - Security requirements and their role in design,
... A70: - Intelligence

Sheet Valtteri Mappings
A1: KD ID | B1: KD | C1: KAs (mapping) | D1: Reasonings
A2: K0640 | B2: Knowledge of the organizational cybersecurity workforce | C2: 7
A3: K0643 | B3: Knowledge of virtual learning environments | C3: 6
A4: K0645 | B4: Knowledge of standard operating procedures (SOPs) | C4: 7
A5: K0662 | B5: Knowledge of systems security engineering | C5: 5
A6: K0706 | B6: Knowledge of database schema capabilities and applications | C6: 0
A7: K0710 | B7: Knowledge of enterprise cybersecurity architecture principles and practices | C7: 5, 7
A8: K0713 | B8: Knowledge of Wide Area Networks (WAN) | C8: 4
A9: K0719 | B9: Knowledge of human-computer interaction (HCI) principles and practices | C9: 0
A10: K0732 | B10: Knowledge of intrusion detection tools and techniques | C10: 5
A11: K0733 | B11: Knowledge of information technology (IT) architecture models and frameworks | C11: 0
A12: K0757 | B12: Knowledge of system design tools and techniques | C12: 0
A13: K0765 | B13: Knowledge of software engineering principles and practices | C13: 0
A14: K0773 | B14: Knowledge of telecommunications principles and practices | C14: 0
A15: K0775 | B15: Knowledge of information management tools and techniques | C15: 0
A16: K0776 | B16: Knowledge of collaboration tools and techniques | C16: 0
A17: K0798 | B17: Knowledge of program management principles and practices | C17: 0
A18: K0801 | B18: Knowledge of cognitive domain models and frameworks | C18: 0
A19: K0807 | B19: Knowledge of web mail tools and techniques | C19: 0
... A28: K0948 | B28: Knowledge of embedded systems and software | C28: 0
A29: K0980 | B29: Knowledge of intelligence collection sources | C29: 0 | D29: Intelligence
A30: K0986 | B30: Knowledge of target selection criticality factors | C30: 7
A31: K1085 | B31: Knowledge of exploitation tools and techniques | C31: 5
A32: K1124 | B32: Knowledge of continuous monitoring scoring and grading metrics | C32: 5
A33: K1126 | B33: Knowledge of cost constraints | C33: 0
A34: K1138 | B34: Knowledge of cybersecurity standards and best practices | C34: 7
A35: K1145 | B35: Knowledge of data encryption practices and principles | C35: 1
A36: K1175 | B36: Knowledge of network monitoring tools and techniques | C36: 4
A37: K1191 | B37: Knowledge of organizational security posture | C37: 7
A38: K1193 | B38: Knowledge of packet analysis tools and techniques | C38: 4
A39: K1194 | B39: Knowledge of Personally Identifiable Information (PII) attributes | C39: 6
A40: K1198 | B40: Knowledge of privacy and data security regulators | C40: 6
A41: K1207 | B41: Knowledge of reverse engineering tools and techniques | C41: 3
... A51: K1292 | B51: Knowledge of OT cybersecurity risk tolerance levels | C51: 7

Sheet Paul Mappings
A1: KD ID | B1: KD | C1: KAs (mapping) | D1: Reasonings
A2: K0640 | B2: Knowledge of the organizational cybersecurity workforce | C2: 7.6 | D2: 7 clear but social engineering, awareness and understanding also
A3: K0643 | B3: Knowledge of virtual learning environments | C3: 0
A4: K0645 | B4: Knowledge of standard operating procedures (SOPs) | C4: 7.5 | D4: Clear standardization (of procedures here) topic missing in the KAs
A5: K0662 | B5: Knowledge of systems security engineering | C5: 5
A6: K0706 | B6: Knowledge of database schema capabilities and applications | C6: 1.2 | D6: implementation issues for 2
A7: K0710 | B7: Knowledge of enterprise cybersecurity architecture principles and practices | C7: 7 | D7: Could be 4 also, depending on the architecture level
A8: K0713 | B8: Knowledge of Wide Area Networks (WAN) | C8: 4,0,1 | D8: 1 is a low level interpretation (data flow)
A9: K0719 | B9: Knowledge of human-computer interaction (HCI) principles and practices | C9: 6
A10: K0732 | B10: Knowledge of intrusion detection tools and techniques | C10: 4 | D10: Seems that a separate network security KA is "missing" but IDS included in 4. 0,5,2,1,3 also seem reasonable to me here.
A11: K0733 | B11: Knowledge of information technology (IT) architecture models and frameworks | C11: 5 | D11: Bell-LaPadula …? 0 for Information Technology (wide topic)
A12: K0757 | B12: Knowledge of system design tools and techniques | C12: 5
A13: K0765 | B13: Knowledge of software engineering principles and practices | C13: 2
A14: K0773 | B14: Knowledge of telecommunications principles and practices | C14: 0 | D14: o for communication and networking. No clear KA, 1,4 might also be appropriate
A15: K0775 | B15: Knowledge of information management tools and techniques | C15: 0 | D15: 5,1 also?
A16: K0776 | B16: Knowledge of collaboration tools and techniques | C16: 0 | D16: ?
A17: K0798 | B17: Knowledge of program management principles and practices | C17: 0 | D17: educational program, computer program,...?
A18: K0801 | B18: Knowledge of cognitive domain models and frameworks | C18: 0 | D18: 6 human factors also?
A19: K0807 | B19: Knowledge of web mail tools and techniques | C19: 6 | D19: Not web attacks or technical as I interpreted it
A20: K0814 | B20: Knowledge of secure coding tools and techniques | C20: 2
A21: K0822 | B21: Knowledge of risk tolerance principles and practices | C21: 7 | D21: many KAs relevant
A22: K0829 | B22: Knowledge of account creation policies and procedures | C22: 5.6 | D22: somewhat technical interpretation
A23: K0832 | B23: Knowledge of cyberattack characteristics | C23: 8 | D23: cybercrime
A24: K0844 | B24: Knowledge of cyberattack stages | C24: 8 | D24: cybercrime
A25: K0845 | B25: Knowledge of cyber intrusion activity phases | C25: 5 | D25: IDS
A26: K0901 | B26: Knowledge of crisis management tools and techniques | C26: 7.6
A27: K0941 | B27: Knowledge of data concealment tools and techniques | C27: 1
A28: K0948 | B28: Knowledge of embedded systems and software | C28: 2.5
A29: K0980 | B29: Knowledge of intelligence collection sources | C29: 7
A30: K0986 | B30: Knowledge of target selection criticality factors | C30: 7 | D30: incident management
A31: K1085 | B31: Knowledge of exploitation tools and techniques | C31: 1 | D31: digital forensic tools and investigatory process
A32: K1124 | B32: Knowledge of continuous monitoring scoring and grading metrics | C32: 5
A33: K1126 | B33: Knowledge of cost constraints | C33: 7 | D33: or 0 cyberspace practice
A34: K1138 | B34: Knowledge of cybersecurity standards and best practices | C34: 0 | D34: cybersecurity practice
A35: K1145 | B35: Knowledge of data encryption practices and principles | C35: 1 | D35: low level interpretation. Could be component, system,…
A36: K1175 | B36: Knowledge of network monitoring tools and techniques | C36: 4
A37: K1191 | B37: Knowledge of organizational security posture | C37: 7
A38: K1193 | B38: Knowledge of packet analysis tools and techniques | C38: 4 | D38: network
A39: K1194 | B39: Knowledge of Personally Identifiable Information (PII) attributes | C39: 6
A40: K1198 | B40: Knowledge of privacy and data security regulators | C40: 6.7
A41: K1207 | B41: Knowledge of reverse engineering tools and techniques | C41: 3
A42: K1217 | B42: Knowledge of software and systems engineering life cycle standards | C42: 3,2,5
A43: K1238 | B43: Knowledge of Windows scripts | C43: 2,5,0 | D43: not sure here, maybe better just 0, but I was thinking skills and operating system knowledge
A44: K1248 | B44: Knowledge of digital and physical security vulnerabilities | C44: 3,4,5
A45: K1251 | B45: Knowledge of external referrals policies and procedures | C45: 0 | D45: Transferring sensitive data to an external system? 6,5?
A46: K1252 | B46: Knowledge of high value asset characteristics | C46: 7 | D46: asset management = risk management
A47: K1270 | B47: Knowledge of suspicious activity response processes | C47: 7 | D47: 0 Intelligence?
A48: K1271 | B48: Knowledge of system alert policies and procedures | C48: 7 | D48: incident response
A49: K1279 | B49: Knowledge of threat-informed defense | C49: 0 | D49: Adapting defenses depending on threats - dynamic threat defense, then maybe 7,5?
A50: K1285 | B50: Knowledge of assessment remediation requirements | C50: 7 | D50: Assessing asset protection plans, high level.
A51: K1292 | B51: Knowledge of OT cybersecurity risk tolerance levels | C51: 0 | D51: cyberspace practice?

Sheet Girls
A1: ABC | B1: ADG | C1: AEO | D1: AIM | E1: AFJ | F1: AHK | G1: ALN
A2: DEF | B2: BEH | C2: BIJ | D2: BDL | E2: BKO | F2: BGN | G2: BFM
A3: GHI | B3: CJM | C3: CDN | D3: CEK | E3: CGL | F3: CFI | G3: CHO
A4: JKL | B4: FKN | C4: FHL | D4: FGO | E4: DHM | F4: DJO | G4: DIK
A5: MNO | B5: ILO | C5: GKM | D5: HJN | E5: EIN | F5: ELM | G5: EGJ
A12: OBS! IN THIS SHEET THE INFORMATION BELOW IS USED IN OTHER SHEETS! DO NOT REMOVE OR CHANGE THE CONTENTS OF THIS SHEET!!!!!!
B18: =_xlfn.TEXTJOIN(";", TRUE, _xlfn.VSTACK(A1:A5, B1:B5, C1:C5, D1:D5, E1:E5, F1:F5, G1:G5)) -> ABC;DEF;GHI;JKL;MNO;ADG;BEH;CJM;FKN;ILO;AEO;BIJ;CDN;FHL;GKM;AIM;BDL;CEK;FGO;HJN;AFJ;BKO;CGL;DHM;EIN;AHK;BGN;CFI;DJO;ELM;ALN;BFM;CHO;DIK;EGJ
A19: Girl | B19: KD code | C19: KD
A20: A | B20: K1248 | C20: Knowledge of digital and physical security vulnerabilities
A21: B | B21: K0829 | C21: Knowledge of account creation policies and procedures
A22: C | B22: K1207 | C22: Knowledge of reverse engineering tools and techniques
A23: D | B23: K1145 | C23: Knowledge of data encryption practices and principles
A24: E | B24: K0757 | C24: Knowledge of system design tools and techniques
A25: F | B25: K0645 | C25: Knowledge of standard operating procedures (SOPs)
A26: G | B26: K1279 | C26: Knowledge of threat-informed defense
A27: H | B27: K0807 | C27: Knowledge of web mail tools and techniques
A28: I | B28: K0775 | C28: Knowledge of information management tools and techniques
A29: J | B29: K0713 | C29: Knowledge of Wide Area Networks (WAN)
A30: K | B30: K1193 | C30: Knowledge of packet analysis tools and techniques
... A34: O | B34: K1126 | C34: Knowledge of cost constraints
